<aligned-text xmlns="http://alpheios.net/namespaces/aligned-text">
  <language lnum="L1" xml:lang="grc" dir="ltr"/>
  <language lnum="L2" xml:lang="por" dir="ltr"/>
  <comment class="title">Her. 1.109</comment>
  <sentence id="1" document_id="">
    <wds lnum="L1">
      <comment class="uri"/>
      <w n="1-1">
        <text>τούτοισι</text>
        <refs nrefs="1-3 1-4"/>
      </w>
      <w n="1-2">
        <text>ἀμειψάμενος</text>
        <refs nrefs="1-1 1-2"/>
      </w>
      <w n="1-3">
        <text>ὁ</text>
        <refs nrefs="1-9"/>
      </w>
      <w n="1-4">
        <text>Ἅρπαγος</text>
        <refs nrefs="1-9"/>
      </w>
      <w n="1-5">
        <text>,</text>
      </w>
      <w n="1-6">
        <text>ὥς</text>
        <refs nrefs="1-15 1-16"/>
      </w>
      <w n="1-7">
        <text>οἱ</text>
        <refs nrefs="1-19"/>
      </w>
      <w n="1-8">
        <text>παρεδόθη</text>
        <refs nrefs="1-21"/>
      </w>
      <w n="1-9">
        <text>τὸ</text>
        <refs nrefs="1-17"/>
      </w>
      <w n="1-10">
        <text>παιδίον</text>
        <refs nrefs="1-18"/>
      </w>
      <w n="1-11">
        <text>κεκοσμημένον</text>
        <refs nrefs="1-22 1-23 1-24"/>
      </w>
      <w n="1-12">
        <text>τὴν</text>
        <refs nrefs="1-25 1-26 1-27 1-28"/>
      </w>
      <w n="1-13">
        <text>ἐπὶ</text>
        <refs nrefs="1-25 1-26 1-27 1-28"/>
      </w>
      <w n="1-14">
        <text>θανάτῳ</text>
        <refs nrefs="1-25 1-26 1-27 1-28"/>
      </w>
      <w n="1-15">
        <text>ἤιε</text>
        <refs nrefs="1-10"/>
      </w>
      <w n="1-16">
        <text>κλαίων</text>
        <refs nrefs="1-13 1-14"/>
      </w>
      <w n="1-17">
        <text>ἐς</text>
        <refs nrefs="1-11"/>
      </w>
      <w n="1-18">
        <text>τὰ</text>
        <refs nrefs="1-12"/>
      </w>
      <w n="1-19">
        <text>οἰκία</text>
        <refs nrefs="1-12"/>
      </w>
      <w n="1-20">
        <text>:</text>
      </w>
      <w n="2-1">
        <text>παρελθὼν</text>
        <refs nrefs="2-1 2-2"/>
      </w>
      <w n="2-2">
        <text>δὲ</text>
      </w>
      <w n="2-3">
        <text>ἔφραζε</text>
        <refs nrefs="2-4"/>
      </w>
      <w n="2-4">
        <text>τῇ</text>
        <refs nrefs="2-5"/>
      </w>
      <w n="2-5">
        <text>ἑωυτοῦ</text>
        <refs nrefs="2-6"/>
      </w>
      <w n="2-6">
        <text>γυναικὶ</text>
        <refs nrefs="2-7"/>
      </w>
      <w n="2-7">
        <text>τὸν</text>
        <refs nrefs="2-11"/>
      </w>
      <w n="2-8">
        <text>πάντα</text>
        <refs nrefs="2-10"/>
      </w>
      <w n="2-9">
        <text>Ἀστυάγεος</text>
        <refs nrefs="2-14 2-15"/>
      </w>
      <w n="2-10">
        <text>ῥηθέντα</text>
        <refs nrefs="2-13"/>
      </w>
      <w n="2-11">
        <text>λόγον</text>
        <refs nrefs="2-12"/>
      </w>
      <w n="2-12">
        <text>.</text>
        <refs nrefs="2-16"/>
      </w>
      <w n="3-1">
        <text>ἣ</text>
        <refs nrefs="3-1"/>
      </w>
      <w n="3-2">
        <text>δὲ</text>
      </w>
      <w n="3-3">
        <text>πρὸς</text>
        <refs nrefs="3-3"/>
      </w>
      <w n="3-4">
        <text>αὐτὸν</text>
        <refs nrefs="3-4"/>
      </w>
      <w n="3-5">
        <text>λέγει</text>
        <refs nrefs="3-2"/>
      </w>
      <w n="3-6">
        <text>‘νῦν</text>
        <refs nrefs="4-11"/>
      </w>
      <w n="3-7">
        <text>ὦν</text>
        <refs nrefs="4-1"/>
      </w>
      <w n="3-8">
        <text>τί</text>
        <refs nrefs="4-3 4-4"/>
      </w>
      <w n="3-9">
        <text>σοὶ</text>
        <refs nrefs="4-7"/>
      </w>
      <w n="3-10">
        <text>ἐν</text>
        <refs nrefs="4-6"/>
      </w>
      <w n="3-11">
        <text>νόῳ</text>
        <refs nrefs="4-8"/>
      </w>
      <w n="3-12">
        <text>ἐστὶ</text>
        <refs nrefs="4-5"/>
      </w>
      <w n="3-13">
        <text>ποιέειν</text>
        <refs nrefs="4-10"/>
      </w>
      <w n="3-14">
        <text>;</text>
        <refs nrefs="4-12"/>
      </w>
      <w n="4-1">
        <text>’</text>
      </w>
      <w n="4-2">
        <text>ὁ</text>
        <refs nrefs="5-1"/>
      </w>
      <w n="4-3">
        <text>δὲ</text>
      </w>
      <w n="4-4">
        <text>ἀμείβεται</text>
        <refs nrefs="5-2"/>
      </w>
      <w n="4-5">
        <text>‘οὐ</text>
        <refs nrefs="6-1"/>
      </w>
      <w n="4-6">
        <text>τῇ</text>
        <refs nrefs="6-2"/>
      </w>
      <w n="4-7">
        <text>ἐνετέλλετο</text>
        <refs nrefs="6-4"/>
      </w>
      <w n="4-8">
        <text>Ἀστυάγης</text>
        <refs nrefs="6-5"/>
      </w>
      <w n="4-9">
        <text>,</text>
      </w>
      <w n="4-10">
        <text>οὐδ᾽</text>
        <refs nrefs="6-7"/>
      </w>
      <w n="4-11">
        <text>εἰ</text>
        <refs nrefs="6-8"/>
      </w>
      <w n="4-12">
        <text>παραφρονήσει</text>
        <refs nrefs="6-9 6-10 6-11"/>
      </w>
      <w n="4-13">
        <text>τε</text>
      </w>
      <w n="4-14">
        <text>καὶ</text>
        <refs nrefs="6-12"/>
      </w>
      <w n="4-15">
        <text>μανέεται</text>
        <refs nrefs="6-13"/>
      </w>
      <w n="4-16">
        <text>κάκιον</text>
        <refs nrefs="6-14 6-15 6-16 6-17"/>
      </w>
      <w n="4-17">
        <text>ἢ</text>
      </w>
      <w n="4-18">
        <text>νῦν</text>
        <refs nrefs="6-18"/>
      </w>
      <w n="4-19">
        <text>μαίνεται</text>
      </w>
      <w n="4-20">
        <text>,</text>
        <refs nrefs="6-20"/>
      </w>
      <w n="4-21">
        <text>οὔ</text>
        <refs nrefs="7-2"/>
      </w>
      <w n="4-22">
        <text>οἱ</text>
        <refs nrefs="7-8"/>
      </w>
      <w n="4-23">
        <text>ἔγωγε</text>
        <refs nrefs="7-1"/>
      </w>
      <w n="4-24">
        <text>προσθήσομαι</text>
        <refs nrefs="7-3 7-4"/>
      </w>
      <w n="4-25">
        <text>τῇ</text>
        <refs nrefs="7-7"/>
      </w>
      <w n="4-26">
        <text>γνώμῃ</text>
        <refs nrefs="7-9"/>
      </w>
      <w n="4-27">
        <text>οὐδὲ</text>
        <refs nrefs="7-10"/>
      </w>
      <w n="4-28">
        <text>ἐς</text>
      </w>
      <w n="4-29">
        <text>φόνον</text>
        <refs nrefs="7-13"/>
      </w>
      <w n="4-30">
        <text>τοιοῦτον</text>
        <refs nrefs="7-12"/>
      </w>
      <w n="4-31">
        <text>ὑπηρετήσω</text>
        <refs nrefs="7-11"/>
      </w>
      <w n="4-32">
        <text>.</text>
        <refs nrefs="7-14"/>
      </w>
      <w n="5-1">
        <text>πολλῶν</text>
        <refs nrefs="8-5"/>
      </w>
      <w n="5-2">
        <text>δὲ</text>
      </w>
      <w n="5-3">
        <text>εἵνεκα</text>
        <refs nrefs="8-4 8-6"/>
      </w>
      <w n="5-4">
        <text>οὐ</text>
        <refs nrefs="8-1"/>
      </w>
      <w n="5-5">
        <text>φονεύσω</text>
        <refs nrefs="8-3"/>
      </w>
      <w n="5-6">
        <text>μιν</text>
        <refs nrefs="8-2"/>
      </w>
      <w n="5-7">
        <text>,</text>
      </w>
      <w n="5-8">
        <text>καὶ</text>
      </w>
      <w n="5-9">
        <text>ὅτι</text>
        <refs nrefs="9-1"/>
      </w>
      <w n="5-10">
        <text>αὐτῷ</text>
      </w>
      <w n="5-11">
        <text>μοι</text>
        <refs nrefs="9-6"/>
      </w>
      <w n="5-12">
        <text>συγγενής</text>
        <refs nrefs="9-8"/>
      </w>
      <w n="5-13">
        <text>ἐστὶ</text>
        <refs nrefs="9-4"/>
      </w>
      <w n="5-14">
        <text>ὁ</text>
        <refs nrefs="9-2"/>
      </w>
      <w n="5-15">
        <text>παῖς</text>
        <refs nrefs="9-3"/>
      </w>
      <w n="5-16">
        <text>,</text>
      </w>
      <w n="5-17">
        <text>καὶ</text>
        <refs nrefs="9-9"/>
      </w>
      <w n="5-18">
        <text>ὅτι</text>
        <refs nrefs="9-10"/>
      </w>
      <w n="5-19">
        <text>Ἀστυάγης</text>
        <refs nrefs="9-11"/>
      </w>
      <w n="5-20">
        <text>μὲν</text>
        <refs nrefs="9-12"/>
      </w>
      <w n="5-21">
        <text>ἐστὶ</text>
        <refs nrefs="9-13"/>
      </w>
      <w n="5-22">
        <text>γέρων</text>
        <refs nrefs="9-14"/>
      </w>
      <w n="5-23">
        <text>καὶ</text>
        <refs nrefs="9-15"/>
      </w>
      <w n="5-24">
        <text>ἅπαις</text>
        <refs nrefs="9-16 9-17 9-18 9-19 9-20"/>
      </w>
      <w n="5-25">
        <text>ἔρσενος</text>
      </w>
      <w n="5-26">
        <text>γόνου</text>
        <refs nrefs="9-16 9-17 9-18 9-19 9-20"/>
      </w>
      <w n="5-27">
        <text>:</text>
      </w>
      <w n="6-1">
        <text>εἰ</text>
        <refs nrefs="10-1"/>
      </w>
      <w n="6-2">
        <text>δ᾽</text>
      </w>
      <w n="6-3">
        <text>ἐθελήσει</text>
        <refs nrefs="10-10"/>
      </w>
      <w n="6-4">
        <text>τούτου</text>
        <refs nrefs="10-5"/>
      </w>
      <w n="6-5">
        <text>τελευτήσαντος</text>
        <refs nrefs="10-3 10-4 10-6"/>
      </w>
      <w n="6-6">
        <text>ἐς</text>
        <refs nrefs="10-12"/>
      </w>
      <w n="6-7">
        <text>τὴν</text>
        <refs nrefs="10-12"/>
      </w>
      <w n="6-8">
        <text>θυγατέρα</text>
        <refs nrefs="10-14"/>
      </w>
      <w n="6-9">
        <text>ταύτην</text>
        <refs nrefs="10-13"/>
      </w>
      <w n="6-10">
        <text>ἀναβῆναι</text>
        <refs nrefs="10-11"/>
      </w>
      <w n="6-11">
        <text>ἡ</text>
        <refs nrefs="10-8"/>
      </w>
      <w n="6-12">
        <text>τυραννίς</text>
        <refs nrefs="10-9"/>
      </w>
      <w n="6-13">
        <text>,</text>
      </w>
      <w n="6-14">
        <text>τῆς</text>
        <refs nrefs="10-16"/>
      </w>
      <w n="6-15">
        <text>νῦν</text>
        <refs nrefs="10-19"/>
      </w>
      <w n="6-16">
        <text>τὸν</text>
        <refs nrefs="10-17"/>
      </w>
      <w n="6-17">
        <text>υἱὸν</text>
        <refs nrefs="10-18"/>
      </w>
      <w n="6-18">
        <text>κτείνει</text>
        <refs nrefs="10-20"/>
      </w>
      <w n="6-19">
        <text>δι᾽</text>
        <refs nrefs="10-21"/>
      </w>
      <w n="6-20">
        <text>ἐμεῦ</text>
        <refs nrefs="10-22 10-23"/>
      </w>
      <w n="6-21">
        <text>,</text>
        <refs nrefs="10-24"/>
      </w>
      <w n="6-22">
        <text>ἄλλο</text>
        <refs nrefs="10-25 10-26 10-27"/>
      </w>
      <w n="6-23">
        <text>τι</text>
        <refs nrefs="10-25 10-26 10-27"/>
      </w>
      <w n="6-24">
        <text>ἢ</text>
        <refs nrefs="10-25 10-26 10-27"/>
      </w>
      <w n="6-25">
        <text>λείπεται</text>
        <refs nrefs="10-29"/>
      </w>
      <w n="6-26">
        <text>τὸ</text>
        <refs nrefs="10-30 10-31 10-32"/>
      </w>
      <w n="6-27">
        <text>ἐνθεῦτεν</text>
        <refs nrefs="10-30 10-31 10-32"/>
      </w>
      <w n="6-28">
        <text>ἐμοὶ</text>
        <refs nrefs="10-28"/>
      </w>
      <w n="6-29">
        <text>κινδύνων</text>
        <refs nrefs="10-35 10-36"/>
      </w>
      <w n="6-30">
        <text>ὁ</text>
        <refs nrefs="10-33"/>
      </w>
      <w n="6-31">
        <text>μέγιστος</text>
        <refs nrefs="10-34"/>
      </w>
      <w n="6-32">
        <text>;</text>
        <refs nrefs="10-37"/>
      </w>
      <w n="7-1">
        <text>ἀλλὰ</text>
      </w>
      <w n="7-2">
        <text>τοῦ</text>
      </w>
      <w n="7-3">
        <text>μὲν</text>
      </w>
      <w n="7-4">
        <text>ἀσφαλέος</text>
        <refs nrefs="11-5"/>
      </w>
      <w n="7-5">
        <text>εἵνεκα</text>
        <refs nrefs="11-1 11-2 11-3"/>
      </w>
      <w n="7-6">
        <text>ἐμοὶ</text>
        <refs nrefs="11-4"/>
      </w>
      <w n="7-7">
        <text>δεῖ</text>
        <refs nrefs="11-7 11-8"/>
      </w>
      <w n="7-8">
        <text>τοῦτον</text>
        <refs nrefs="11-10"/>
      </w>
      <w n="7-9">
        <text>τελευτᾶν</text>
        <refs nrefs="11-12"/>
      </w>
      <w n="7-10">
        <text>τὸν</text>
        <refs nrefs="11-9"/>
      </w>
      <w n="7-11">
        <text>παῖδα</text>
        <refs nrefs="11-11"/>
      </w>
      <w n="7-12">
        <text>,</text>
        <refs nrefs="11-13"/>
      </w>
      <w n="7-13">
        <text>δεῖ</text>
        <refs nrefs="11-17"/>
      </w>
      <w n="7-14">
        <text>μέντοι</text>
      </w>
      <w n="7-15">
        <text>τῶν</text>
        <refs nrefs="11-20 11-21"/>
      </w>
      <w n="7-16">
        <text>τινα</text>
        <refs nrefs="11-19"/>
      </w>
      <w n="7-17">
        <text>Ἀστυάγεος</text>
        <refs nrefs="11-22"/>
      </w>
      <w n="7-18">
        <text>αὐτοῦ</text>
        <refs nrefs="11-20 11-21"/>
      </w>
      <w n="7-19">
        <text>φονέα</text>
        <refs nrefs="11-15 11-16"/>
      </w>
      <w n="7-20">
        <text>γενέσθαι</text>
        <refs nrefs="11-18"/>
      </w>
      <w n="7-21">
        <text>καὶ</text>
        <refs nrefs="11-23"/>
      </w>
      <w n="7-22">
        <text>μὴ</text>
        <refs nrefs="11-24"/>
      </w>
      <w n="7-23">
        <text>τῶν</text>
        <refs nrefs="11-28"/>
      </w>
      <w n="7-24">
        <text>ἐμῶν</text>
        <refs nrefs="11-29"/>
      </w>
      <w n="7-25">
        <text>.</text>
      </w>
      <w n="8-1">
        <text>’</text>
        <refs nrefs="11-30"/>
      </w>
    </wds>
    <wds lnum="L2">
      <comment class="uri"/>
      <w n="1-1">
        <text>Tendo</text>
        <refs nrefs="1-2"/>
      </w>
      <w n="1-2">
        <text>respondido</text>
        <refs nrefs="1-2"/>
      </w>
      <w n="1-3">
        <text>com</text>
        <refs nrefs="1-1"/>
      </w>
      <w n="1-4">
        <text>essas</text>
        <refs nrefs="1-1"/>
      </w>
      <w n="1-5">
        <text>[</text>
      </w>
      <w n="1-6">
        <text>palavras</text>
      </w>
      <w n="1-7">
        <text>]</text>
      </w>
      <w n="1-8">
        <text>,</text>
      </w>
      <w n="1-9">
        <text>Hárpago</text>
        <refs nrefs="1-3 1-4"/>
      </w>
      <w n="1-10">
        <text>foi</text>
        <refs nrefs="1-15"/>
      </w>
      <w n="1-11">
        <text>para</text>
        <refs nrefs="1-17"/>
      </w>
      <w n="1-12">
        <text>casa</text>
        <refs nrefs="1-18 1-19"/>
      </w>
      <w n="1-13">
        <text>em</text>
        <refs nrefs="1-16"/>
      </w>
      <w n="1-14">
        <text>prantos</text>
        <refs nrefs="1-16"/>
      </w>
      <w n="1-15">
        <text>depois</text>
        <refs nrefs="1-6"/>
      </w>
      <w n="1-16">
        <text>que</text>
        <refs nrefs="1-6"/>
      </w>
      <w n="1-17">
        <text>a</text>
        <refs nrefs="1-9"/>
      </w>
      <w n="1-18">
        <text>criança</text>
        <refs nrefs="1-10"/>
      </w>
      <w n="1-19">
        <text>lhe</text>
        <refs nrefs="1-7"/>
      </w>
      <w n="1-20">
        <text>foi</text>
      </w>
      <w n="1-21">
        <text>entregue</text>
        <refs nrefs="1-8"/>
      </w>
      <w n="1-22">
        <text>para</text>
        <refs nrefs="1-11"/>
      </w>
      <w n="1-23">
        <text>que</text>
        <refs nrefs="1-11"/>
      </w>
      <w n="1-24">
        <text>preparasse</text>
        <refs nrefs="1-11"/>
      </w>
      <w n="1-25">
        <text>a</text>
        <refs nrefs="1-12 1-13 1-14"/>
      </w>
      <w n="1-26">
        <text>vestimenta</text>
        <refs nrefs="1-12 1-13 1-14"/>
      </w>
      <w n="1-27">
        <text>da</text>
        <refs nrefs="1-12 1-13 1-14"/>
      </w>
      <w n="1-28">
        <text>morte</text>
        <refs nrefs="1-12 1-13 1-14"/>
      </w>
      <w n="1-29">
        <text>.</text>
      </w>
      <w n="2-1">
        <text>Quando</text>
        <refs nrefs="2-1"/>
      </w>
      <w n="2-2">
        <text>chegou</text>
        <refs nrefs="2-1"/>
      </w>
      <w n="2-3">
        <text>,</text>
      </w>
      <w n="2-4">
        <text>contou</text>
        <refs nrefs="2-3"/>
      </w>
      <w n="2-5">
        <text>à</text>
        <refs nrefs="2-4"/>
      </w>
      <w n="2-6">
        <text>sua</text>
        <refs nrefs="2-5"/>
      </w>
      <w n="2-7">
        <text>mulher</text>
        <refs nrefs="2-6"/>
      </w>
      <w n="2-8">
        <text>acerca</text>
      </w>
      <w n="2-9">
        <text>de</text>
      </w>
      <w n="2-10">
        <text>toda</text>
        <refs nrefs="2-8"/>
      </w>
      <w n="2-11">
        <text>a</text>
        <refs nrefs="2-7"/>
      </w>
      <w n="2-12">
        <text>ordem</text>
        <refs nrefs="2-11"/>
      </w>
      <w n="2-13">
        <text>proferida</text>
        <refs nrefs="2-10"/>
      </w>
      <w n="2-14">
        <text>por</text>
        <refs nrefs="2-9"/>
      </w>
      <w n="2-15">
        <text>Astíages</text>
        <refs nrefs="2-9"/>
      </w>
      <w n="2-16">
        <text>.</text>
        <refs nrefs="2-12"/>
      </w>
      <w n="3-1">
        <text>Ela</text>
        <refs nrefs="3-1"/>
      </w>
      <w n="3-2">
        <text>disse</text>
        <refs nrefs="3-5"/>
      </w>
      <w n="3-3">
        <text>a</text>
        <refs nrefs="3-3"/>
      </w>
      <w n="3-4">
        <text>ele</text>
        <refs nrefs="3-4"/>
      </w>
      <w n="3-5">
        <text>:</text>
      </w>
      <w n="4-1">
        <text>“Então</text>
        <refs nrefs="3-7"/>
      </w>
      <w n="4-2">
        <text>,</text>
      </w>
      <w n="4-3">
        <text>o</text>
        <refs nrefs="3-8"/>
      </w>
      <w n="4-4">
        <text>que</text>
        <refs nrefs="3-8"/>
      </w>
      <w n="4-5">
        <text>está</text>
        <refs nrefs="3-12"/>
      </w>
      <w n="4-6">
        <text>em</text>
        <refs nrefs="3-10"/>
      </w>
      <w n="4-7">
        <text>tua</text>
        <refs nrefs="3-9"/>
      </w>
      <w n="4-8">
        <text>mente</text>
        <refs nrefs="3-11"/>
      </w>
      <w n="4-9">
        <text>para</text>
      </w>
      <w n="4-10">
        <text>fazer</text>
        <refs nrefs="3-13"/>
      </w>
      <w n="4-11">
        <text>agora</text>
        <refs nrefs="3-6"/>
      </w>
      <w n="4-12">
        <text>?</text>
        <refs nrefs="3-14"/>
      </w>
      <w n="4-13">
        <text>”</text>
      </w>
      <w n="5-1">
        <text>Ele</text>
        <refs nrefs="4-2"/>
      </w>
      <w n="5-2">
        <text>respondeu</text>
        <refs nrefs="4-4"/>
      </w>
      <w n="5-3">
        <text>:</text>
      </w>
      <w n="6-1">
        <text>“Não</text>
        <refs nrefs="4-5"/>
      </w>
      <w n="6-2">
        <text>aquilo</text>
        <refs nrefs="4-6"/>
      </w>
      <w n="6-3">
        <text>que</text>
      </w>
      <w n="6-4">
        <text>ordenou</text>
        <refs nrefs="4-7"/>
      </w>
      <w n="6-5">
        <text>Astíages</text>
        <refs nrefs="4-8"/>
      </w>
      <w n="6-6">
        <text>,</text>
      </w>
      <w n="6-7">
        <text>nem</text>
        <refs nrefs="4-10"/>
      </w>
      <w n="6-8">
        <text>se</text>
        <refs nrefs="4-11"/>
      </w>
      <w n="6-9">
        <text>ele</text>
        <refs nrefs="4-12"/>
      </w>
      <w n="6-10">
        <text>ficar</text>
        <refs nrefs="4-12"/>
      </w>
      <w n="6-11">
        <text>louco</text>
        <refs nrefs="4-12"/>
      </w>
      <w n="6-12">
        <text>e</text>
        <refs nrefs="4-14"/>
      </w>
      <w n="6-13">
        <text>furioso</text>
        <refs nrefs="4-15"/>
      </w>
      <w n="6-14">
        <text>mais</text>
        <refs nrefs="4-16"/>
      </w>
      <w n="6-15">
        <text>do</text>
        <refs nrefs="4-16"/>
      </w>
      <w n="6-16">
        <text>que</text>
        <refs nrefs="4-16"/>
      </w>
      <w n="6-17">
        <text>está</text>
        <refs nrefs="4-16"/>
      </w>
      <w n="6-18">
        <text>agora</text>
        <refs nrefs="4-18"/>
      </w>
      <w n="6-19">
        <text>mesmo</text>
      </w>
      <w n="6-20">
        <text>;</text>
        <refs nrefs="4-20"/>
      </w>
      <w n="7-1">
        <text>eu</text>
        <refs nrefs="4-23"/>
      </w>
      <w n="7-2">
        <text>não</text>
        <refs nrefs="4-21"/>
      </w>
      <w n="7-3">
        <text>me</text>
        <refs nrefs="4-24"/>
      </w>
      <w n="7-4">
        <text>colocarei</text>
        <refs nrefs="4-24"/>
      </w>
      <w n="7-5">
        <text>a</text>
      </w>
      <w n="7-6">
        <text>favor</text>
      </w>
      <w n="7-7">
        <text>de</text>
        <refs nrefs="4-25"/>
      </w>
      <w n="7-8">
        <text>sua</text>
        <refs nrefs="4-22"/>
      </w>
      <w n="7-9">
        <text>intenção</text>
        <refs nrefs="4-26"/>
      </w>
      <w n="7-10">
        <text>nem</text>
        <refs nrefs="4-27"/>
      </w>
      <w n="7-11">
        <text>executarei</text>
        <refs nrefs="4-31"/>
      </w>
      <w n="7-12">
        <text>tamanho</text>
        <refs nrefs="4-30"/>
      </w>
      <w n="7-13">
        <text>assassinato</text>
        <refs nrefs="4-29"/>
      </w>
      <w n="7-14">
        <text>.</text>
        <refs nrefs="4-32"/>
      </w>
      <w n="8-1">
        <text>Não</text>
        <refs nrefs="5-4"/>
      </w>
      <w n="8-2">
        <text>o</text>
        <refs nrefs="5-6"/>
      </w>
      <w n="8-3">
        <text>matarei</text>
        <refs nrefs="5-5"/>
      </w>
      <w n="8-4">
        <text>por</text>
        <refs nrefs="5-3"/>
      </w>
      <w n="8-5">
        <text>muitos</text>
        <refs nrefs="5-1"/>
      </w>
      <w n="8-6">
        <text>motivos</text>
        <refs nrefs="5-3"/>
      </w>
      <w n="8-7">
        <text>:</text>
      </w>
      <w n="9-1">
        <text>Porque</text>
        <refs nrefs="5-9"/>
      </w>
      <w n="9-2">
        <text>a</text>
        <refs nrefs="5-14"/>
      </w>
      <w n="9-3">
        <text>criança</text>
        <refs nrefs="5-15"/>
      </w>
      <w n="9-4">
        <text>é</text>
        <refs nrefs="5-13"/>
      </w>
      <w n="9-5">
        <text>de</text>
      </w>
      <w n="9-6">
        <text>minha</text>
        <refs nrefs="5-11"/>
      </w>
      <w n="9-7">
        <text>própria</text>
      </w>
      <w n="9-8">
        <text>família</text>
        <refs nrefs="5-12"/>
      </w>
      <w n="9-9">
        <text>e</text>
        <refs nrefs="5-17"/>
      </w>
      <w n="9-10">
        <text>porque</text>
        <refs nrefs="5-18"/>
      </w>
      <w n="9-11">
        <text>Astíages</text>
        <refs nrefs="5-19"/>
      </w>
      <w n="9-12">
        <text>já</text>
        <refs nrefs="5-20"/>
      </w>
      <w n="9-13">
        <text>é</text>
        <refs nrefs="5-21"/>
      </w>
      <w n="9-14">
        <text>velho</text>
        <refs nrefs="5-22"/>
      </w>
      <w n="9-15">
        <text>e</text>
        <refs nrefs="5-23"/>
      </w>
      <w n="9-16">
        <text>desprovido</text>
        <refs nrefs="5-24 5-26"/>
      </w>
      <w n="9-17">
        <text>de</text>
        <refs nrefs="5-24 5-26"/>
      </w>
      <w n="9-18">
        <text>um</text>
        <refs nrefs="5-24 5-26"/>
      </w>
      <w n="9-19">
        <text>filho</text>
        <refs nrefs="5-24 5-26"/>
      </w>
      <w n="9-20">
        <text>homem</text>
        <refs nrefs="5-24 5-26"/>
      </w>
      <w n="9-21">
        <text>.</text>
      </w>
      <w n="10-1">
        <text>Se</text>
        <refs nrefs="6-1"/>
      </w>
      <w n="10-2">
        <text>,</text>
      </w>
      <w n="10-3">
        <text>depois</text>
        <refs nrefs="6-5"/>
      </w>
      <w n="10-4">
        <text>que</text>
        <refs nrefs="6-5"/>
      </w>
      <w n="10-5">
        <text>esse</text>
        <refs nrefs="6-4"/>
      </w>
      <w n="10-6">
        <text>morrer</text>
        <refs nrefs="6-5"/>
      </w>
      <w n="10-7">
        <text>,</text>
      </w>
      <w n="10-8">
        <text>a</text>
        <refs nrefs="6-11"/>
      </w>
      <w n="10-9">
        <text>soberania</text>
        <refs nrefs="6-12"/>
      </w>
      <w n="10-10">
        <text>quiser</text>
        <refs nrefs="6-3"/>
      </w>
      <w n="10-11">
        <text>chegar</text>
        <refs nrefs="6-10"/>
      </w>
      <w n="10-12">
        <text>a</text>
        <refs nrefs="6-6 6-7"/>
      </w>
      <w n="10-13">
        <text>essa</text>
        <refs nrefs="6-9"/>
      </w>
      <w n="10-14">
        <text>filha</text>
        <refs nrefs="6-8"/>
      </w>
      <w n="10-15">
        <text>,</text>
      </w>
      <w n="10-16">
        <text>cujo</text>
        <refs nrefs="6-14"/>
      </w>
      <w n="10-17">
        <text>o</text>
        <refs nrefs="6-16"/>
      </w>
      <w n="10-18">
        <text>filho</text>
        <refs nrefs="6-17"/>
      </w>
      <w n="10-19">
        <text>agora</text>
        <refs nrefs="6-15"/>
      </w>
      <w n="10-20">
        <text>mata</text>
        <refs nrefs="6-18"/>
      </w>
      <w n="10-21">
        <text>por</text>
        <refs nrefs="6-19"/>
      </w>
      <w n="10-22">
        <text>meu</text>
        <refs nrefs="6-20"/>
      </w>
      <w n="10-23">
        <text>intermédio</text>
        <refs nrefs="6-20"/>
      </w>
      <w n="10-24">
        <text>,</text>
        <refs nrefs="6-21"/>
      </w>
      <w n="10-25">
        <text>o</text>
        <refs nrefs="6-22 6-23 6-24"/>
      </w>
      <w n="10-26">
        <text>que</text>
        <refs nrefs="6-22 6-23 6-24"/>
      </w>
      <w n="10-27">
        <text>mais</text>
        <refs nrefs="6-22 6-23 6-24"/>
      </w>
      <w n="10-28">
        <text>me</text>
        <refs nrefs="6-28"/>
      </w>
      <w n="10-29">
        <text>resta</text>
        <refs nrefs="6-25"/>
      </w>
      <w n="10-30">
        <text>desde</text>
        <refs nrefs="6-26 6-27"/>
      </w>
      <w n="10-31">
        <text>já</text>
        <refs nrefs="6-26 6-27"/>
      </w>
      <w n="10-32">
        <text>senão</text>
        <refs nrefs="6-26 6-27"/>
      </w>
      <w n="10-33">
        <text>o</text>
        <refs nrefs="6-30"/>
      </w>
      <w n="10-34">
        <text>maior</text>
        <refs nrefs="6-31"/>
      </w>
      <w n="10-35">
        <text>dos</text>
        <refs nrefs="6-29"/>
      </w>
      <w n="10-36">
        <text>perigos</text>
        <refs nrefs="6-29"/>
      </w>
      <w n="10-37">
        <text>?</text>
        <refs nrefs="6-32"/>
      </w>
      <w n="11-1">
        <text>Em</text>
        <refs nrefs="7-5"/>
      </w>
      <w n="11-2">
        <text>razão</text>
        <refs nrefs="7-5"/>
      </w>
      <w n="11-3">
        <text>de</text>
        <refs nrefs="7-5"/>
      </w>
      <w n="11-4">
        <text>minha</text>
        <refs nrefs="7-6"/>
      </w>
      <w n="11-5">
        <text>segurança</text>
        <refs nrefs="7-4"/>
      </w>
      <w n="11-6">
        <text>,</text>
      </w>
      <w n="11-7">
        <text>é</text>
        <refs nrefs="7-7"/>
      </w>
      <w n="11-8">
        <text>necessário</text>
        <refs nrefs="7-7"/>
      </w>
      <w n="11-9">
        <text>a</text>
        <refs nrefs="7-10"/>
      </w>
      <w n="11-10">
        <text>essa</text>
        <refs nrefs="7-8"/>
      </w>
      <w n="11-11">
        <text>criança</text>
        <refs nrefs="7-11"/>
      </w>
      <w n="11-12">
        <text>morrer</text>
        <refs nrefs="7-9"/>
      </w>
      <w n="11-13">
        <text>,</text>
        <refs nrefs="7-12"/>
      </w>
      <w n="11-14">
        <text>mas</text>
      </w>
      <w n="11-15">
        <text>o</text>
        <refs nrefs="7-19"/>
      </w>
      <w n="11-16">
        <text>assassino</text>
        <refs nrefs="7-19"/>
      </w>
      <w n="11-17">
        <text>precisa</text>
        <refs nrefs="7-13"/>
      </w>
      <w n="11-18">
        <text>ser</text>
        <refs nrefs="7-20"/>
      </w>
      <w n="11-19">
        <text>alguém</text>
        <refs nrefs="7-16"/>
      </w>
      <w n="11-20">
        <text>dos</text>
        <refs nrefs="7-15 7-18"/>
      </w>
      <w n="11-21">
        <text>de</text>
        <refs nrefs="7-15 7-18"/>
      </w>
      <w n="11-22">
        <text>Astíages</text>
        <refs nrefs="7-17"/>
      </w>
      <w n="11-23">
        <text>e</text>
        <refs nrefs="7-21"/>
      </w>
      <w n="11-24">
        <text>não</text>
        <refs nrefs="7-22"/>
      </w>
      <w n="11-25">
        <text>[</text>
      </w>
      <w n="11-26">
        <text>alguém</text>
      </w>
      <w n="11-27">
        <text>]</text>
      </w>
      <w n="11-28">
        <text>dos</text>
        <refs nrefs="7-23"/>
      </w>
      <w n="11-29">
        <text>nossos</text>
        <refs nrefs="7-24"/>
      </w>
      <w n="11-30">
        <text>.</text>
        <refs nrefs="8-1"/>
      </w>
    </wds>
  </sentence>
</aligned-text>