<aligned-text xmlns="http://alpheios.net/namespaces/aligned-text">
  <language lnum="L1" xml:lang="grc" dir="ltr"/>
  <language lnum="L2" xml:lang="por" dir="ltr"/>
  <comment class="title">Artemidoro.Orange-LV.57</comment>
  <sentence id="1" document_id="">
    <wds lnum="L1">
      <comment class="uri"/>
      <w n="1-1">
        <text>Ἔδοξέ</text>
        <refs nrefs="1-3"/>
      </w>
      <w n="1-2">
        <text>τις</text>
        <refs nrefs="1-1 1-2"/>
      </w>
      <w n="1-3">
        <text>ἀετὸν</text>
        <refs nrefs="1-5 1-6"/>
      </w>
      <w n="1-4">
        <text>τὰ</text>
        <refs nrefs="1-11"/>
      </w>
      <w n="1-5">
        <text>σπλάγχνα</text>
        <refs nrefs="1-11"/>
      </w>
      <w n="1-6">
        <text>αὐτοῦ</text>
        <refs nrefs="1-10"/>
      </w>
      <w n="1-7">
        <text>τοῖς</text>
        <refs nrefs="1-12 1-13"/>
      </w>
      <w n="1-8">
        <text>ὄνυξιν</text>
        <refs nrefs="1-14"/>
      </w>
      <w n="1-9">
        <text>ἀνακείραντα</text>
        <refs nrefs="1-8 1-9"/>
      </w>
      <w n="1-10">
        <text>φέρειν</text>
        <refs nrefs="1-17"/>
      </w>
      <w n="1-11">
        <text>διὰ</text>
        <refs nrefs="1-18"/>
      </w>
      <w n="1-12">
        <text>τῆς</text>
        <refs nrefs="1-19"/>
      </w>
      <w n="1-13">
        <text>πόλεως</text>
        <refs nrefs="1-19"/>
      </w>
      <w n="1-14">
        <text>εἰς</text>
        <refs nrefs="1-20"/>
      </w>
      <w n="1-15">
        <text>τὸ</text>
        <refs nrefs="1-21"/>
      </w>
      <w n="1-16">
        <text>θέατρον</text>
        <refs nrefs="1-21"/>
      </w>
      <w n="1-17">
        <text>ὄχλου</text>
        <refs nrefs="1-27"/>
      </w>
      <w n="1-18">
        <text>ὂν</text>
        <refs nrefs="1-24"/>
      </w>
      <w n="1-19">
        <text>πλῆρες</text>
        <refs nrefs="1-25 1-26"/>
      </w>
      <w n="1-20">
        <text>καὶ</text>
        <refs nrefs="1-29"/>
      </w>
      <w n="1-21">
        <text>ἐπιδεικνύειν</text>
        <refs nrefs="1-31"/>
      </w>
      <w n="1-22">
        <text>τοῖς</text>
        <refs nrefs="1-32"/>
      </w>
      <w n="1-23">
        <text>θεαταῖς</text>
        <refs nrefs="1-33"/>
      </w>
      <w n="1-24">
        <text>.</text>
        <refs nrefs="1-34"/>
      </w>
      <w n="2-1">
        <text>ὄντι</text>
        <refs nrefs="2-4 2-6"/>
      </w>
      <w n="2-2">
        <text>αὐτῷ</text>
        <refs nrefs="2-1 2-2"/>
      </w>
      <w n="2-3">
        <text>ἄπαιδι</text>
        <refs nrefs="2-5 2-7"/>
      </w>
      <w n="2-4">
        <text>ἐπὶ</text>
        <refs nrefs="2-9"/>
      </w>
      <w n="2-5">
        <text>τούτῳ</text>
        <refs nrefs="2-10"/>
      </w>
      <w n="2-6">
        <text>τῷ</text>
        <refs nrefs="2-11"/>
      </w>
      <w n="2-7">
        <text>ὀνείρῳ</text>
        <refs nrefs="2-11"/>
      </w>
      <w n="2-8">
        <text>ἐγένετο</text>
        <refs nrefs="2-13"/>
      </w>
      <w n="2-9">
        <text>παῖς</text>
        <refs nrefs="2-14 2-15"/>
      </w>
      <w n="2-10">
        <text>διάσημος</text>
        <refs nrefs="2-16"/>
      </w>
      <w n="2-11">
        <text>καὶ</text>
        <refs nrefs="2-17"/>
      </w>
      <w n="2-12">
        <text>λαμπρὸς</text>
        <refs nrefs="2-18"/>
      </w>
      <w n="2-13">
        <text>ἐν</text>
        <refs nrefs="2-19"/>
      </w>
      <w n="2-14">
        <text>τῇ</text>
        <refs nrefs="2-19"/>
      </w>
      <w n="2-15">
        <text>πόλει</text>
        <refs nrefs="2-20"/>
      </w>
      <w n="2-16">
        <text>·</text>
        <refs nrefs="2-21"/>
      </w>
      <w n="3-1">
        <text>ὁ</text>
        <refs nrefs="3-4"/>
      </w>
      <w n="3-2">
        <text>μὲν</text>
        <refs nrefs="3-7 3-8 3-9"/>
      </w>
      <w n="3-3">
        <text>γὰρ</text>
        <refs nrefs="3-1 3-2"/>
      </w>
      <w n="3-4">
        <text>ἀετὸς</text>
        <refs nrefs="3-5"/>
      </w>
      <w n="3-5">
        <text>τὸ</text>
        <refs nrefs="3-12"/>
      </w>
      <w n="3-6">
        <text>ἔτος</text>
        <refs nrefs="3-13"/>
      </w>
      <w n="3-7">
        <text>ἐσήμαινεν</text>
        <refs nrefs="3-11"/>
      </w>
      <w n="3-8">
        <text>,</text>
      </w>
      <w n="3-9">
        <text>ἐν</text>
        <refs nrefs="3-14"/>
      </w>
      <w n="3-10">
        <text>ᾧ</text>
        <refs nrefs="3-15"/>
      </w>
      <w n="3-11">
        <text>ἔμελλεν</text>
        <refs nrefs="3-19"/>
      </w>
      <w n="3-12">
        <text>αὐτῷ</text>
        <refs nrefs="3-17"/>
      </w>
      <w n="3-13">
        <text>ὁ</text>
        <refs nrefs="3-16"/>
      </w>
      <w n="3-14">
        <text>παῖς</text>
        <refs nrefs="3-18"/>
      </w>
      <w n="3-15">
        <text>τεχθῆναι</text>
        <refs nrefs="3-20"/>
      </w>
      <w n="3-16">
        <text>,</text>
        <refs nrefs="3-21"/>
      </w>
      <w n="3-17">
        <text>τὰ</text>
        <refs nrefs="4-4"/>
      </w>
      <w n="3-18">
        <text>δὲ</text>
        <refs nrefs="4-1 4-2"/>
      </w>
      <w n="3-19">
        <text>σπλάγχνα</text>
        <refs nrefs="4-5"/>
      </w>
      <w n="3-20">
        <text>τὸν</text>
        <refs nrefs="4-7"/>
      </w>
      <w n="3-21">
        <text>παῖδα</text>
        <refs nrefs="4-8"/>
      </w>
      <w n="3-22">
        <text>(</text>
        <refs nrefs="4-9"/>
      </w>
      <w n="3-23">
        <text>οὕτω</text>
        <refs nrefs="4-13"/>
      </w>
      <w n="3-24">
        <text>γὰρ</text>
        <refs nrefs="4-10"/>
      </w>
      <w n="3-25">
        <text>καὶ</text>
        <refs nrefs="4-11"/>
      </w>
      <w n="3-26">
        <text>τὸν</text>
        <refs nrefs="4-14"/>
      </w>
      <w n="3-27">
        <text>παῖδα</text>
        <refs nrefs="4-15"/>
      </w>
      <w n="3-28">
        <text>καλεῖν</text>
        <refs nrefs="4-12"/>
      </w>
      <w n="3-29">
        <text>ἔθος</text>
        <refs nrefs="4-18"/>
      </w>
      <w n="3-30">
        <text>ἐστίν</text>
        <refs nrefs="4-16"/>
      </w>
      <w n="3-31">
        <text>)</text>
        <refs nrefs="4-19"/>
      </w>
      <w n="3-32">
        <text>,</text>
        <refs nrefs="4-20"/>
      </w>
      <w n="3-33">
        <text>ἡ</text>
        <refs nrefs="5-1"/>
      </w>
      <w n="3-34">
        <text>δὲ</text>
      </w>
      <w n="3-35">
        <text>φορὰ</text>
        <refs nrefs="5-2"/>
      </w>
      <w n="3-36">
        <text>ἡ</text>
      </w>
      <w n="3-37">
        <text>εἰς</text>
        <refs nrefs="5-3"/>
      </w>
      <w n="3-38">
        <text>τὸ</text>
        <refs nrefs="5-4"/>
      </w>
      <w n="3-39">
        <text>θέατρον</text>
        <refs nrefs="5-5"/>
      </w>
      <w n="3-40">
        <text>τὸ</text>
        <refs nrefs="5-7"/>
      </w>
      <w n="3-41">
        <text>λαμπρὸν</text>
        <refs nrefs="5-8"/>
      </w>
      <w n="3-42">
        <text>καὶ</text>
        <refs nrefs="5-9"/>
      </w>
      <w n="3-43">
        <text>ἐπίσημον</text>
        <refs nrefs="5-10 5-11"/>
      </w>
      <w n="3-44">
        <text>τοῦ</text>
        <refs nrefs="5-12"/>
      </w>
      <w n="3-45">
        <text>παιδὸς</text>
        <refs nrefs="5-13"/>
      </w>
      <w n="3-46">
        <text>ἐσήμαινεν</text>
        <refs nrefs="5-6"/>
      </w>
      <w n="3-47">
        <text>.</text>
        <refs nrefs="5-14"/>
      </w>
    </wds>
    <wds lnum="L2">
      <comment class="uri"/>
      <w n="1-1">
        <text>Um</text>
        <refs nrefs="1-2"/>
      </w>
      <w n="1-2">
        <text>sujeito</text>
        <refs nrefs="1-2"/>
      </w>
      <w n="1-3">
        <text>sonhou</text>
        <refs nrefs="1-1"/>
      </w>
      <w n="1-4">
        <text>que</text>
      </w>
      <w n="1-5">
        <text>uma</text>
        <refs nrefs="1-3"/>
      </w>
      <w n="1-6">
        <text>águia</text>
        <refs nrefs="1-3"/>
      </w>
      <w n="1-7">
        <text>,</text>
      </w>
      <w n="1-8">
        <text>arrancando</text>
        <refs nrefs="1-9"/>
      </w>
      <w n="1-9">
        <text>completamente</text>
        <refs nrefs="1-9"/>
      </w>
      <w n="1-10">
        <text>suas</text>
        <refs nrefs="1-6"/>
      </w>
      <w n="1-11">
        <text>entranhas</text>
        <refs nrefs="1-4 1-5"/>
      </w>
      <w n="1-12">
        <text>com</text>
        <refs nrefs="1-7"/>
      </w>
      <w n="1-13">
        <text>as</text>
        <refs nrefs="1-7"/>
      </w>
      <w n="1-14">
        <text>garras</text>
        <refs nrefs="1-8"/>
      </w>
      <w n="1-15">
        <text>,</text>
      </w>
      <w n="1-16">
        <text>as</text>
      </w>
      <w n="1-17">
        <text>levava</text>
        <refs nrefs="1-10"/>
      </w>
      <w n="1-18">
        <text>pela</text>
        <refs nrefs="1-11"/>
      </w>
      <w n="1-19">
        <text>cidade</text>
        <refs nrefs="1-12 1-13"/>
      </w>
      <w n="1-20">
        <text>ao</text>
        <refs nrefs="1-14"/>
      </w>
      <w n="1-21">
        <text>teatro</text>
        <refs nrefs="1-15 1-16"/>
      </w>
      <w n="1-22">
        <text>,</text>
      </w>
      <w n="1-23">
        <text>que</text>
      </w>
      <w n="1-24">
        <text>estava</text>
        <refs nrefs="1-18"/>
      </w>
      <w n="1-25">
        <text>cheio</text>
        <refs nrefs="1-19"/>
      </w>
      <w n="1-26">
        <text>de</text>
        <refs nrefs="1-19"/>
      </w>
      <w n="1-27">
        <text>gente</text>
        <refs nrefs="1-17"/>
      </w>
      <w n="1-28">
        <text>,</text>
      </w>
      <w n="1-29">
        <text>e</text>
        <refs nrefs="1-20"/>
      </w>
      <w n="1-30">
        <text>as</text>
      </w>
      <w n="1-31">
        <text>exibia</text>
        <refs nrefs="1-21"/>
      </w>
      <w n="1-32">
        <text>aos</text>
        <refs nrefs="1-22"/>
      </w>
      <w n="1-33">
        <text>espectadores</text>
        <refs nrefs="1-23"/>
      </w>
      <w n="1-34">
        <text>.</text>
        <refs nrefs="1-24"/>
      </w>
      <w n="2-1">
        <text>Para</text>
        <refs nrefs="2-2"/>
      </w>
      <w n="2-2">
        <text>esse</text>
        <refs nrefs="2-2"/>
      </w>
      <w n="2-3">
        <text>,</text>
      </w>
      <w n="2-4">
        <text>que</text>
        <refs nrefs="2-1"/>
      </w>
      <w n="2-5">
        <text>não</text>
        <refs nrefs="2-3"/>
      </w>
      <w n="2-6">
        <text>tinha</text>
        <refs nrefs="2-1"/>
      </w>
      <w n="2-7">
        <text>filho</text>
        <refs nrefs="2-3"/>
      </w>
      <w n="2-8">
        <text>,</text>
      </w>
      <w n="2-9">
        <text>depois</text>
        <refs nrefs="2-4"/>
      </w>
      <w n="2-10">
        <text>desse</text>
        <refs nrefs="2-5"/>
      </w>
      <w n="2-11">
        <text>sonho</text>
        <refs nrefs="2-6 2-7"/>
      </w>
      <w n="2-12">
        <text>,</text>
      </w>
      <w n="2-13">
        <text>nasceu</text>
        <refs nrefs="2-8"/>
      </w>
      <w n="2-14">
        <text>um</text>
        <refs nrefs="2-9"/>
      </w>
      <w n="2-15">
        <text>filho</text>
        <refs nrefs="2-9"/>
      </w>
      <w n="2-16">
        <text>notável</text>
        <refs nrefs="2-10"/>
      </w>
      <w n="2-17">
        <text>e</text>
        <refs nrefs="2-11"/>
      </w>
      <w n="2-18">
        <text>brilhante</text>
        <refs nrefs="2-12"/>
      </w>
      <w n="2-19">
        <text>na</text>
        <refs nrefs="2-13 2-14"/>
      </w>
      <w n="2-20">
        <text>cidade</text>
        <refs nrefs="2-15"/>
      </w>
      <w n="2-21">
        <text>.</text>
        <refs nrefs="2-16"/>
      </w>
      <w n="3-1">
        <text>Com</text>
        <refs nrefs="3-3"/>
      </w>
      <w n="3-2">
        <text>efeito</text>
        <refs nrefs="3-3"/>
      </w>
      <w n="3-3">
        <text>,</text>
      </w>
      <w n="3-4">
        <text>a</text>
        <refs nrefs="3-1"/>
      </w>
      <w n="3-5">
        <text>águia</text>
        <refs nrefs="3-4"/>
      </w>
      <w n="3-6">
        <text>,</text>
      </w>
      <w n="3-7">
        <text>por</text>
        <refs nrefs="3-2"/>
      </w>
      <w n="3-8">
        <text>um</text>
        <refs nrefs="3-2"/>
      </w>
      <w n="3-9">
        <text>lado</text>
        <refs nrefs="3-2"/>
      </w>
      <w n="3-10">
        <text>,</text>
      </w>
      <w n="3-11">
        <text>significava</text>
        <refs nrefs="3-7"/>
      </w>
      <w n="3-12">
        <text>o</text>
        <refs nrefs="3-5"/>
      </w>
      <w n="3-13">
        <text>ano</text>
        <refs nrefs="3-6"/>
      </w>
      <w n="3-14">
        <text>em</text>
        <refs nrefs="3-9"/>
      </w>
      <w n="3-15">
        <text>que</text>
        <refs nrefs="3-10"/>
      </w>
      <w n="3-16">
        <text>o</text>
        <refs nrefs="3-13"/>
      </w>
      <w n="3-17">
        <text>mesmo</text>
        <refs nrefs="3-12"/>
      </w>
      <w n="3-18">
        <text>filho</text>
        <refs nrefs="3-14"/>
      </w>
      <w n="3-19">
        <text>seria</text>
        <refs nrefs="3-11"/>
      </w>
      <w n="3-20">
        <text>gerado</text>
        <refs nrefs="3-15"/>
      </w>
      <w n="3-21">
        <text>;</text>
        <refs nrefs="3-16"/>
      </w>
      <w n="4-1">
        <text>por</text>
        <refs nrefs="3-18"/>
      </w>
      <w n="4-2">
        <text>outro</text>
        <refs nrefs="3-18"/>
      </w>
      <w n="4-3">
        <text>,</text>
      </w>
      <w n="4-4">
        <text>as</text>
        <refs nrefs="3-17"/>
      </w>
      <w n="4-5">
        <text>entranhas</text>
        <refs nrefs="3-19"/>
      </w>
      <w n="4-6">
        <text>significavam</text>
      </w>
      <w n="4-7">
        <text>a</text>
        <refs nrefs="3-20"/>
      </w>
      <w n="4-8">
        <text>criança</text>
        <refs nrefs="3-21"/>
      </w>
      <w n="4-9">
        <text>&lt;</text>
        <refs nrefs="3-22"/>
      </w>
      <w n="4-10">
        <text>pois</text>
        <refs nrefs="3-24"/>
      </w>
      <w n="4-11">
        <text>também</text>
        <refs nrefs="3-25"/>
      </w>
      <w n="4-12">
        <text>chamar</text>
        <refs nrefs="3-28"/>
      </w>
      <w n="4-13">
        <text>assim</text>
        <refs nrefs="3-23"/>
      </w>
      <w n="4-14">
        <text>o</text>
        <refs nrefs="3-26"/>
      </w>
      <w n="4-15">
        <text>filho</text>
        <refs nrefs="3-27"/>
      </w>
      <w n="4-16">
        <text>é</text>
        <refs nrefs="3-30"/>
      </w>
      <w n="4-17">
        <text>um</text>
      </w>
      <w n="4-18">
        <text>costume</text>
        <refs nrefs="3-29"/>
      </w>
      <w n="4-19">
        <text>&gt;</text>
        <refs nrefs="3-31"/>
      </w>
      <w n="4-20">
        <text>;</text>
        <refs nrefs="3-32"/>
      </w>
      <w n="5-1">
        <text>o</text>
        <refs nrefs="3-33"/>
      </w>
      <w n="5-2">
        <text>porte</text>
        <refs nrefs="3-35"/>
      </w>
      <w n="5-3">
        <text>para</text>
        <refs nrefs="3-37"/>
      </w>
      <w n="5-4">
        <text>o</text>
        <refs nrefs="3-38"/>
      </w>
      <w n="5-5">
        <text>teatro</text>
        <refs nrefs="3-39"/>
      </w>
      <w n="5-6">
        <text>significava</text>
        <refs nrefs="3-46"/>
      </w>
      <w n="5-7">
        <text>o</text>
        <refs nrefs="3-40"/>
      </w>
      <w n="5-8">
        <text>brilho</text>
        <refs nrefs="3-41"/>
      </w>
      <w n="5-9">
        <text>e</text>
        <refs nrefs="3-42"/>
      </w>
      <w n="5-10">
        <text>a</text>
        <refs nrefs="3-43"/>
      </w>
      <w n="5-11">
        <text>notoriedade</text>
        <refs nrefs="3-43"/>
      </w>
      <w n="5-12">
        <text>do</text>
        <refs nrefs="3-44"/>
      </w>
      <w n="5-13">
        <text>filho</text>
        <refs nrefs="3-45"/>
      </w>
      <w n="5-14">
        <text>.</text>
        <refs nrefs="3-47"/>
      </w>
    </wds>
  </sentence>
</aligned-text>