<aligned-text xmlns="http://alpheios.net/namespaces/aligned-text">
  <language lnum="L1" xml:lang="grc" dir="ltr"/>
  <language lnum="L2" xml:lang="por" dir="ltr"/>
  <comment class="title">Her. 1.106</comment>
  <sentence id="1" document_id="">
    <wds lnum="L1">
      <comment class="uri"/>
      <w n="1-1">
        <text>ἐπὶ</text>
        <refs nrefs="1-1"/>
      </w>
      <w n="1-2">
        <text>μέν</text>
      </w>
      <w n="1-3">
        <text>νυν</text>
      </w>
      <w n="1-4">
        <text>ὀκτὼ</text>
        <refs nrefs="1-4"/>
      </w>
      <w n="1-5">
        <text>καὶ</text>
        <refs nrefs="1-3"/>
      </w>
      <w n="1-6">
        <text>εἴκοσι</text>
        <refs nrefs="1-2"/>
      </w>
      <w n="1-7">
        <text>ἔτεα</text>
        <refs nrefs="1-5"/>
      </w>
      <w n="1-8">
        <text>ἦρχον</text>
        <refs nrefs="1-8"/>
      </w>
      <w n="1-9">
        <text>τῆς</text>
        <refs nrefs="1-9"/>
      </w>
      <w n="1-10">
        <text>Ἀσίης</text>
        <refs nrefs="1-10"/>
      </w>
      <w n="1-11">
        <text>οἱ</text>
        <refs nrefs="1-6"/>
      </w>
      <w n="1-12">
        <text>Σκύθαι</text>
        <refs nrefs="1-7"/>
      </w>
      <w n="1-13">
        <text>,</text>
        <refs nrefs="1-11"/>
      </w>
      <w n="1-14">
        <text>καὶ</text>
        <refs nrefs="1-12"/>
      </w>
      <w n="1-15">
        <text>τὰ</text>
        <refs nrefs="1-13"/>
      </w>
      <w n="1-16">
        <text>πάντα</text>
        <refs nrefs="1-13"/>
      </w>
      <w n="1-17">
        <text>σφι</text>
        <refs nrefs="1-17"/>
      </w>
      <w n="1-18">
        <text>ὑπό</text>
        <refs nrefs="1-16"/>
      </w>
      <w n="1-19">
        <text>τε</text>
      </w>
      <w n="1-20">
        <text>ὕβριος</text>
        <refs nrefs="1-18"/>
      </w>
      <w n="1-21">
        <text>καὶ</text>
        <refs nrefs="1-19"/>
      </w>
      <w n="1-22">
        <text>ὀλιγωρίης</text>
        <refs nrefs="1-20"/>
      </w>
      <w n="1-23">
        <text>ἀνάστατα</text>
        <refs nrefs="1-15"/>
      </w>
      <w n="1-24">
        <text>ἦν</text>
        <refs nrefs="1-14"/>
      </w>
      <w n="1-25">
        <text>:</text>
        <refs nrefs="1-21"/>
      </w>
      <w n="2-1">
        <text>χωρὶς</text>
        <refs nrefs="2-3 2-4 2-5"/>
      </w>
      <w n="2-2">
        <text>μὲν</text>
      </w>
      <w n="2-3">
        <text>γὰρ</text>
        <refs nrefs="2-1"/>
      </w>
      <w n="2-4">
        <text>φόρον</text>
        <refs nrefs="2-11"/>
      </w>
      <w n="2-5">
        <text>ἔπρησσον</text>
        <refs nrefs="2-7"/>
      </w>
      <w n="2-6">
        <text>παρ᾽</text>
        <refs nrefs="2-8 2-9 2-10"/>
      </w>
      <w n="2-7">
        <text>ἑκάστων</text>
        <refs nrefs="2-8 2-9 2-10"/>
      </w>
      <w n="2-8">
        <text>τὸν</text>
        <refs nrefs="2-12"/>
      </w>
      <w n="2-9">
        <text>ἑκάστοισι</text>
        <refs nrefs="2-13"/>
      </w>
      <w n="2-10">
        <text>ἐπέβαλλον</text>
        <refs nrefs="2-14"/>
      </w>
      <w n="2-11">
        <text>,</text>
        <refs nrefs="2-16"/>
      </w>
      <w n="2-12">
        <text>χωρὶς</text>
        <refs nrefs="2-17 2-18 2-20"/>
      </w>
      <w n="2-13">
        <text>δὲ</text>
        <refs nrefs="2-17 2-18 2-20"/>
      </w>
      <w n="2-14">
        <text>τοῦ</text>
        <refs nrefs="2-21"/>
      </w>
      <w n="2-15">
        <text>φόρου</text>
        <refs nrefs="2-22"/>
      </w>
      <w n="2-16">
        <text>ἥρπαζον</text>
        <refs nrefs="2-24 2-25 2-26"/>
      </w>
      <w n="2-17">
        <text>περιελαύνοντες</text>
        <refs nrefs="2-28 2-29 2-30"/>
      </w>
      <w n="2-18">
        <text>τοῦτο</text>
        <refs nrefs="2-32 2-33"/>
      </w>
      <w n="2-19">
        <text>ὅ</text>
        <refs nrefs="2-32 2-33"/>
      </w>
      <w n="2-20">
        <text>τι</text>
        <refs nrefs="2-32 2-33"/>
      </w>
      <w n="2-21">
        <text>ἔχοιεν</text>
        <refs nrefs="2-36"/>
      </w>
      <w n="2-22">
        <text>ἕκαστοι</text>
        <refs nrefs="2-34 2-35 2-37"/>
      </w>
      <w n="2-23">
        <text>.</text>
      </w>
      <w n="3-1">
        <text>καὶ</text>
        <refs nrefs="3-1"/>
      </w>
      <w n="3-2">
        <text>τούτων</text>
        <refs nrefs="3-2"/>
      </w>
      <w n="3-3">
        <text>μὲν</text>
      </w>
      <w n="3-4">
        <text>τοὺς</text>
        <refs nrefs="3-17"/>
      </w>
      <w n="3-5">
        <text>πλεῦνας</text>
        <refs nrefs="3-18"/>
      </w>
      <w n="3-6">
        <text>Κυαξάρης</text>
        <refs nrefs="3-4"/>
      </w>
      <w n="3-7">
        <text>τε</text>
        <refs nrefs="3-5"/>
      </w>
      <w n="3-8">
        <text>καὶ</text>
        <refs nrefs="3-5"/>
      </w>
      <w n="3-9">
        <text>Μῆδοι</text>
        <refs nrefs="3-6 3-7"/>
      </w>
      <w n="3-10">
        <text>ξεινίσαντες</text>
        <refs nrefs="3-9 3-10 3-11 3-12"/>
      </w>
      <w n="3-11">
        <text>καὶ</text>
        <refs nrefs="3-13"/>
      </w>
      <w n="3-12">
        <text>καταμεθύσαντες</text>
        <refs nrefs="3-14"/>
      </w>
      <w n="3-13">
        <text>κατεφόνευσαν</text>
        <refs nrefs="3-16"/>
      </w>
      <w n="3-14">
        <text>,</text>
        <refs nrefs="3-19"/>
      </w>
      <w n="3-15">
        <text>καὶ</text>
        <refs nrefs="3-20"/>
      </w>
      <w n="3-16">
        <text>οὕτω</text>
        <refs nrefs="3-21"/>
      </w>
      <w n="3-17">
        <text>ἀνεσώσαντο</text>
        <refs nrefs="3-24"/>
      </w>
      <w n="3-18">
        <text>τὴν</text>
        <refs nrefs="3-25"/>
      </w>
      <w n="3-19">
        <text>ἀρχὴν</text>
        <refs nrefs="3-26"/>
      </w>
      <w n="3-20">
        <text>Μῆδοι</text>
        <refs nrefs="3-22 3-23"/>
      </w>
      <w n="3-21">
        <text>καὶ</text>
      </w>
      <w n="3-22">
        <text>ἐπεκράτεον</text>
        <refs nrefs="3-28 3-29"/>
      </w>
      <w n="3-23">
        <text>τῶν</text>
        <refs nrefs="3-30 3-31"/>
      </w>
      <w n="3-24">
        <text>περ</text>
      </w>
      <w n="3-25">
        <text>καὶ</text>
      </w>
      <w n="3-26">
        <text>πρότερον</text>
        <refs nrefs="3-32"/>
      </w>
      <w n="3-27">
        <text>,</text>
        <refs nrefs="3-33"/>
      </w>
      <w n="3-28">
        <text>καὶ</text>
        <refs nrefs="3-34"/>
      </w>
      <w n="3-29">
        <text>τήν</text>
        <refs nrefs="3-36"/>
      </w>
      <w n="3-30">
        <text>τε</text>
        <refs nrefs="3-34"/>
      </w>
      <w n="3-31">
        <text>Νίνον</text>
        <refs nrefs="3-36"/>
      </w>
      <w n="3-32">
        <text>εἷλον</text>
        <refs nrefs="3-35"/>
      </w>
      <w n="3-33">
        <text>（</text>
        <refs nrefs="3-37"/>
      </w>
      <w n="3-34">
        <text>ὡς</text>
        <refs nrefs="3-38"/>
      </w>
      <w n="3-35">
        <text>δὲ</text>
      </w>
      <w n="3-36">
        <text>εἷλον</text>
        <refs nrefs="3-40"/>
      </w>
      <w n="3-37">
        <text>ἐν</text>
        <refs nrefs="3-43"/>
      </w>
      <w n="3-38">
        <text>ἑτέροισι</text>
        <refs nrefs="3-44"/>
      </w>
      <w n="3-39">
        <text>λόγοισι</text>
        <refs nrefs="3-45"/>
      </w>
      <w n="3-40">
        <text>δηλώσω</text>
        <refs nrefs="3-42"/>
      </w>
      <w n="3-41">
        <text>）</text>
        <refs nrefs="3-46"/>
      </w>
      <w n="3-42">
        <text>καὶ</text>
        <refs nrefs="3-47"/>
      </w>
      <w n="3-43">
        <text>τοὺς</text>
        <refs nrefs="3-49"/>
      </w>
      <w n="3-44">
        <text>Ἀσσυρίους</text>
        <refs nrefs="3-50"/>
      </w>
      <w n="3-45">
        <text>ὑποχειρίους</text>
        <refs nrefs="3-51 3-52 3-53 3-54"/>
      </w>
      <w n="3-46">
        <text>ἐποιήσαντο</text>
        <refs nrefs="3-48"/>
      </w>
      <w n="3-47">
        <text>πλὴν</text>
        <refs nrefs="3-56 3-57"/>
      </w>
      <w n="3-48">
        <text>τῆς</text>
        <refs nrefs="3-60"/>
      </w>
      <w n="3-49">
        <text>Βαβυλωνίης</text>
        <refs nrefs="3-61"/>
      </w>
      <w n="3-50">
        <text>μοίρης</text>
        <refs nrefs="3-58 3-59"/>
      </w>
      <w n="3-51">
        <text>.</text>
        <refs nrefs="3-62"/>
      </w>
    </wds>
    <wds lnum="L2">
      <comment class="uri"/>
      <w n="1-1">
        <text>Por</text>
        <refs nrefs="1-1"/>
      </w>
      <w n="1-2">
        <text>vinte</text>
        <refs nrefs="1-6"/>
      </w>
      <w n="1-3">
        <text>e</text>
        <refs nrefs="1-5"/>
      </w>
      <w n="1-4">
        <text>oito</text>
        <refs nrefs="1-4"/>
      </w>
      <w n="1-5">
        <text>anos</text>
        <refs nrefs="1-7"/>
      </w>
      <w n="1-6">
        <text>os</text>
        <refs nrefs="1-11"/>
      </w>
      <w n="1-7">
        <text>citas</text>
        <refs nrefs="1-12"/>
      </w>
      <w n="1-8">
        <text>dominaram</text>
        <refs nrefs="1-8"/>
      </w>
      <w n="1-9">
        <text>a</text>
        <refs nrefs="1-9"/>
      </w>
      <w n="1-10">
        <text>Ásia</text>
        <refs nrefs="1-10"/>
      </w>
      <w n="1-11">
        <text>,</text>
        <refs nrefs="1-13"/>
      </w>
      <w n="1-12">
        <text>e</text>
        <refs nrefs="1-14"/>
      </w>
      <w n="1-13">
        <text>tudo</text>
        <refs nrefs="1-15 1-16"/>
      </w>
      <w n="1-14">
        <text>foi</text>
        <refs nrefs="1-24"/>
      </w>
      <w n="1-15">
        <text>arruinado</text>
        <refs nrefs="1-23"/>
      </w>
      <w n="1-16">
        <text>por</text>
        <refs nrefs="1-18"/>
      </w>
      <w n="1-17">
        <text>sua</text>
        <refs nrefs="1-17"/>
      </w>
      <w n="1-18">
        <text>violência</text>
        <refs nrefs="1-20"/>
      </w>
      <w n="1-19">
        <text>e</text>
        <refs nrefs="1-21"/>
      </w>
      <w n="1-20">
        <text>desprezo</text>
        <refs nrefs="1-22"/>
      </w>
      <w n="1-21">
        <text>;</text>
        <refs nrefs="1-25"/>
      </w>
      <w n="2-1">
        <text>pois</text>
        <refs nrefs="2-3"/>
      </w>
      <w n="2-2">
        <text>,</text>
      </w>
      <w n="2-3">
        <text>em</text>
        <refs nrefs="2-1"/>
      </w>
      <w n="2-4">
        <text>primeiro</text>
        <refs nrefs="2-1"/>
      </w>
      <w n="2-5">
        <text>lugar</text>
        <refs nrefs="2-1"/>
      </w>
      <w n="2-6">
        <text>,</text>
      </w>
      <w n="2-7">
        <text>requeriam</text>
        <refs nrefs="2-5"/>
      </w>
      <w n="2-8">
        <text>de</text>
        <refs nrefs="2-6 2-7"/>
      </w>
      <w n="2-9">
        <text>cada</text>
        <refs nrefs="2-6 2-7"/>
      </w>
      <w n="2-10">
        <text>povo</text>
        <refs nrefs="2-6 2-7"/>
      </w>
      <w n="2-11">
        <text>imposto</text>
        <refs nrefs="2-4"/>
      </w>
      <w n="2-12">
        <text>que</text>
        <refs nrefs="2-8"/>
      </w>
      <w n="2-13">
        <text>lhes</text>
        <refs nrefs="2-9"/>
      </w>
      <w n="2-14">
        <text>impunham</text>
        <refs nrefs="2-10"/>
      </w>
      <w n="2-15">
        <text>e</text>
      </w>
      <w n="2-16">
        <text>,</text>
        <refs nrefs="2-11"/>
      </w>
      <w n="2-17">
        <text>além</text>
        <refs nrefs="2-12 2-13"/>
      </w>
      <w n="2-18">
        <text>disso</text>
        <refs nrefs="2-12 2-13"/>
      </w>
      <w n="2-19">
        <text>,</text>
      </w>
      <w n="2-20">
        <text>independentemente</text>
        <refs nrefs="2-12 2-13"/>
      </w>
      <w n="2-21">
        <text>do</text>
        <refs nrefs="2-14"/>
      </w>
      <w n="2-22">
        <text>imposto</text>
        <refs nrefs="2-15"/>
      </w>
      <w n="2-23">
        <text>,</text>
      </w>
      <w n="2-24">
        <text>apoderavam</text>
        <refs nrefs="2-16"/>
      </w>
      <w n="2-25">
        <text>-</text>
        <refs nrefs="2-16"/>
      </w>
      <w n="2-26">
        <text>se</text>
        <refs nrefs="2-16"/>
      </w>
      <w n="2-27">
        <text>,</text>
      </w>
      <w n="2-28">
        <text>nas</text>
        <refs nrefs="2-17"/>
      </w>
      <w n="2-29">
        <text>suas</text>
        <refs nrefs="2-17"/>
      </w>
      <w n="2-30">
        <text>incursões</text>
        <refs nrefs="2-17"/>
      </w>
      <w n="2-31">
        <text>,</text>
      </w>
      <w n="2-32">
        <text>do</text>
        <refs nrefs="2-18 2-19 2-20"/>
      </w>
      <w n="2-33">
        <text>que</text>
        <refs nrefs="2-18 2-19 2-20"/>
      </w>
      <w n="2-34">
        <text>cada</text>
        <refs nrefs="2-22"/>
      </w>
      <w n="2-35">
        <text>um</text>
        <refs nrefs="2-22"/>
      </w>
      <w n="2-36">
        <text>possuía</text>
        <refs nrefs="2-21"/>
      </w>
      <w n="2-37">
        <text>.</text>
        <refs nrefs="2-22"/>
      </w>
      <w n="3-1">
        <text>E</text>
        <refs nrefs="3-1"/>
      </w>
      <w n="3-2">
        <text>desses</text>
        <refs nrefs="3-2"/>
      </w>
      <w n="3-3">
        <text>,</text>
      </w>
      <w n="3-4">
        <text>Ciaxares</text>
        <refs nrefs="3-6"/>
      </w>
      <w n="3-5">
        <text>e</text>
        <refs nrefs="3-7 3-8"/>
      </w>
      <w n="3-6">
        <text>os</text>
        <refs nrefs="3-9"/>
      </w>
      <w n="3-7">
        <text>medos</text>
        <refs nrefs="3-9"/>
      </w>
      <w n="3-8">
        <text>,</text>
      </w>
      <w n="3-9">
        <text>tendo</text>
        <refs nrefs="3-10"/>
      </w>
      <w n="3-10">
        <text>-</text>
        <refs nrefs="3-10"/>
      </w>
      <w n="3-11">
        <text>os</text>
        <refs nrefs="3-10"/>
      </w>
      <w n="3-12">
        <text>recebido</text>
        <refs nrefs="3-10"/>
      </w>
      <w n="3-13">
        <text>e</text>
        <refs nrefs="3-11"/>
      </w>
      <w n="3-14">
        <text>embebedado</text>
        <refs nrefs="3-12"/>
      </w>
      <w n="3-15">
        <text>,</text>
      </w>
      <w n="3-16">
        <text>assassinou</text>
        <refs nrefs="3-13"/>
      </w>
      <w n="3-17">
        <text>a</text>
        <refs nrefs="3-4"/>
      </w>
      <w n="3-18">
        <text>maioria</text>
        <refs nrefs="3-5"/>
      </w>
      <w n="3-19">
        <text>,</text>
        <refs nrefs="3-14"/>
      </w>
      <w n="3-20">
        <text>e</text>
        <refs nrefs="3-15"/>
      </w>
      <w n="3-21">
        <text>assim</text>
        <refs nrefs="3-16"/>
      </w>
      <w n="3-22">
        <text>os</text>
        <refs nrefs="3-20"/>
      </w>
      <w n="3-23">
        <text>medos</text>
        <refs nrefs="3-20"/>
      </w>
      <w n="3-24">
        <text>recuperaram</text>
        <refs nrefs="3-17"/>
      </w>
      <w n="3-25">
        <text>o</text>
        <refs nrefs="3-18"/>
      </w>
      <w n="3-26">
        <text>comando</text>
        <refs nrefs="3-19"/>
      </w>
      <w n="3-27">
        <text>,</text>
      </w>
      <w n="3-28">
        <text>governaram</text>
        <refs nrefs="3-22"/>
      </w>
      <w n="3-29">
        <text>sobre</text>
        <refs nrefs="3-22"/>
      </w>
      <w n="3-30">
        <text>os</text>
        <refs nrefs="3-23"/>
      </w>
      <w n="3-31">
        <text>de</text>
        <refs nrefs="3-23"/>
      </w>
      <w n="3-32">
        <text>antes</text>
        <refs nrefs="3-26"/>
      </w>
      <w n="3-33">
        <text>,</text>
        <refs nrefs="3-27"/>
      </w>
      <w n="3-34">
        <text>também</text>
        <refs nrefs="3-28 3-30"/>
      </w>
      <w n="3-35">
        <text>tomaram</text>
        <refs nrefs="3-32"/>
      </w>
      <w n="3-36">
        <text>Nínive</text>
        <refs nrefs="3-29 3-31"/>
      </w>
      <w n="3-37">
        <text>(</text>
        <refs nrefs="3-33"/>
      </w>
      <w n="3-38">
        <text>como</text>
        <refs nrefs="3-34"/>
      </w>
      <w n="3-39">
        <text>a</text>
      </w>
      <w n="3-40">
        <text>tomaram</text>
        <refs nrefs="3-36"/>
      </w>
      <w n="3-41">
        <text>,</text>
      </w>
      <w n="3-42">
        <text>mostrarei</text>
        <refs nrefs="3-40"/>
      </w>
      <w n="3-43">
        <text>em</text>
        <refs nrefs="3-37"/>
      </w>
      <w n="3-44">
        <text>outros</text>
        <refs nrefs="3-38"/>
      </w>
      <w n="3-45">
        <text>relatos</text>
        <refs nrefs="3-39"/>
      </w>
      <w n="3-46">
        <text>)</text>
        <refs nrefs="3-41"/>
      </w>
      <w n="3-47">
        <text>e</text>
        <refs nrefs="3-42"/>
      </w>
      <w n="3-48">
        <text>tornaram</text>
        <refs nrefs="3-46"/>
      </w>
      <w n="3-49">
        <text>os</text>
        <refs nrefs="3-43"/>
      </w>
      <w n="3-50">
        <text>assírios</text>
        <refs nrefs="3-44"/>
      </w>
      <w n="3-51">
        <text>submissos</text>
        <refs nrefs="3-45"/>
      </w>
      <w n="3-52">
        <text>ao</text>
        <refs nrefs="3-45"/>
      </w>
      <w n="3-53">
        <text>seu</text>
        <refs nrefs="3-45"/>
      </w>
      <w n="3-54">
        <text>poder</text>
        <refs nrefs="3-45"/>
      </w>
      <w n="3-55">
        <text>,</text>
      </w>
      <w n="3-56">
        <text>com</text>
        <refs nrefs="3-47"/>
      </w>
      <w n="3-57">
        <text>exceção</text>
        <refs nrefs="3-47"/>
      </w>
      <w n="3-58">
        <text>de</text>
        <refs nrefs="3-50"/>
      </w>
      <w n="3-59">
        <text>parte</text>
        <refs nrefs="3-50"/>
      </w>
      <w n="3-60">
        <text>da</text>
        <refs nrefs="3-48"/>
      </w>
      <w n="3-61">
        <text>Babilônia</text>
        <refs nrefs="3-49"/>
      </w>
      <w n="3-62">
        <text>.</text>
        <refs nrefs="3-51"/>
      </w>
    </wds>
  </sentence>
</aligned-text>