<aligned-text xmlns="http://alpheios.net/namespaces/aligned-text">
  <language lnum="L1" xml:lang="grc" dir="ltr"/>
  <language lnum="L2" xml:lang="eng" dir="ltr"/>
  <comment class="title">Her. 1.110</comment>
  <sentence id="1" document_id="">
    <wds lnum="L1">
      <comment class="uri"/>
      <w n="1-1">
        <text>ταῦτα</text>
        <refs nrefs="1-2 1-3"/>
      </w>
      <w n="1-2">
        <text>εἶπε</text>
        <refs nrefs="1-1"/>
      </w>
      <w n="1-3">
        <text>καὶ</text>
        <refs nrefs="1-4"/>
      </w>
      <w n="1-4">
        <text>αὐτίκα</text>
        <refs nrefs="1-6 1-7 1-8"/>
      </w>
      <w n="1-5">
        <text>ἄγγελον</text>
        <refs nrefs="1-11 1-12"/>
      </w>
      <w n="1-6">
        <text>ἔπεμπε</text>
        <refs nrefs="1-10"/>
      </w>
      <w n="1-7">
        <text>ἐπὶ</text>
        <refs nrefs="1-13"/>
      </w>
      <w n="1-8">
        <text>τῶν</text>
        <refs nrefs="1-17"/>
      </w>
      <w n="1-9">
        <text>βουκόλων</text>
        <refs nrefs="1-18"/>
      </w>
      <w n="1-10">
        <text>τῶν</text>
        <refs nrefs="1-19"/>
      </w>
      <w n="1-11">
        <text>Ἀστυάγεος</text>
        <refs nrefs="1-20"/>
      </w>
      <w n="1-12">
        <text>τὸν</text>
        <refs nrefs="1-22"/>
      </w>
      <w n="1-13">
        <text>ἠπίστατο</text>
        <refs nrefs="1-23"/>
      </w>
      <w n="1-14">
        <text>νομάς</text>
        <refs nrefs="1-27"/>
      </w>
      <w n="1-15">
        <text>τε</text>
      </w>
      <w n="1-16">
        <text>ἐπιτηδεοτάτας</text>
        <refs nrefs="1-28 1-29"/>
      </w>
      <w n="1-17">
        <text>νέμοντα</text>
        <refs nrefs="1-24 1-25 1-26"/>
      </w>
      <w n="1-18">
        <text>καὶ</text>
        <refs nrefs="1-30"/>
      </w>
      <w n="1-19">
        <text>ὄρεα</text>
        <refs nrefs="1-31 1-32"/>
      </w>
      <w n="1-20">
        <text>θηριωδέστατα</text>
        <refs nrefs="1-33 1-34 1-35 1-36 1-37"/>
      </w>
      <w n="1-21">
        <text>:</text>
        <refs nrefs="1-38"/>
      </w>
      <w n="2-1">
        <text>τῷ</text>
        <refs nrefs="2-3"/>
      </w>
      <w n="2-2">
        <text>οὔνομα</text>
        <refs nrefs="2-1 2-2"/>
      </w>
      <w n="2-3">
        <text>ἦν</text>
        <refs nrefs="2-4"/>
      </w>
      <w n="2-4">
        <text>Μιτραδάτης</text>
        <refs nrefs="2-5"/>
      </w>
      <w n="2-5">
        <text>,</text>
      </w>
      <w n="2-6">
        <text>συνοίκεε</text>
        <refs nrefs="2-7 2-8"/>
      </w>
      <w n="2-7">
        <text>δὲ</text>
        <refs nrefs="2-6"/>
      </w>
      <w n="2-8">
        <text>ἑωυτοῦ</text>
        <refs nrefs="2-10"/>
      </w>
      <w n="2-9">
        <text>συνδούλῃ</text>
        <refs nrefs="2-9 2-11 2-12 2-13"/>
      </w>
      <w n="2-10">
        <text>,</text>
      </w>
      <w n="2-11">
        <text>οὔνομα</text>
        <refs nrefs="3-1 3-2"/>
      </w>
      <w n="2-12">
        <text>δὲ</text>
      </w>
      <w n="2-13">
        <text>τῇ</text>
        <refs nrefs="3-3"/>
      </w>
      <w n="2-14">
        <text>γυναικὶ</text>
        <refs nrefs="3-4"/>
      </w>
      <w n="2-15">
        <text>ἦν</text>
        <refs nrefs="3-8"/>
      </w>
      <w n="2-16">
        <text>τῇ</text>
        <refs nrefs="3-5 3-6"/>
      </w>
      <w n="2-17">
        <text>συνοίκεε</text>
        <refs nrefs="3-7"/>
      </w>
      <w n="2-18">
        <text>Κυνὼ</text>
        <refs nrefs="3-9"/>
      </w>
      <w n="2-19">
        <text>κατὰ</text>
        <refs nrefs="3-10"/>
      </w>
      <w n="2-20">
        <text>τὴν</text>
        <refs nrefs="3-12"/>
      </w>
      <w n="2-21">
        <text>Ἑλλήνων</text>
        <refs nrefs="3-13"/>
      </w>
      <w n="2-22">
        <text>γλῶσσαν</text>
        <refs nrefs="3-11"/>
      </w>
      <w n="2-23">
        <text>,</text>
        <refs nrefs="3-14"/>
      </w>
      <w n="2-24">
        <text>κατὰ</text>
        <refs nrefs="3-17"/>
      </w>
      <w n="2-25">
        <text>δὲ</text>
        <refs nrefs="3-15"/>
      </w>
      <w n="2-26">
        <text>τὴν</text>
        <refs nrefs="3-18"/>
      </w>
      <w n="2-27">
        <text>Μηδικὴν</text>
        <refs nrefs="3-19"/>
      </w>
      <w n="2-28">
        <text>Σπακώ</text>
        <refs nrefs="3-16"/>
      </w>
      <w n="2-29">
        <text>:</text>
        <refs nrefs="3-20"/>
      </w>
      <w n="3-1">
        <text>τὴν</text>
        <refs nrefs="4-5"/>
      </w>
      <w n="3-2">
        <text>γὰρ</text>
        <refs nrefs="4-1"/>
      </w>
      <w n="3-3">
        <text>κύνα</text>
        <refs nrefs="4-5"/>
      </w>
      <w n="3-4">
        <text>καλέουσι</text>
        <refs nrefs="4-4 4-6"/>
      </w>
      <w n="3-5">
        <text>σπάκα</text>
        <refs nrefs="4-7"/>
      </w>
      <w n="3-6">
        <text>Μῆδοι</text>
        <refs nrefs="4-2 4-3"/>
      </w>
      <w n="3-7">
        <text>.</text>
        <refs nrefs="4-8"/>
      </w>
      <w n="4-1">
        <text>αἱ</text>
        <refs nrefs="5-1"/>
      </w>
      <w n="4-2">
        <text>δὲ</text>
      </w>
      <w n="4-3">
        <text>ὑπώρεαί</text>
        <refs nrefs="5-2"/>
      </w>
      <w n="4-4">
        <text>εἰσὶ</text>
        <refs nrefs="5-15"/>
      </w>
      <w n="4-5">
        <text>τῶν</text>
        <refs nrefs="5-3"/>
      </w>
      <w n="4-6">
        <text>ὀρέων</text>
        <refs nrefs="5-4"/>
      </w>
      <w n="4-7">
        <text>,</text>
        <refs nrefs="5-5"/>
      </w>
      <w n="4-8">
        <text>ἔνθα</text>
        <refs nrefs="5-6"/>
      </w>
      <w n="4-9">
        <text>τὰς</text>
        <refs nrefs="5-10"/>
      </w>
      <w n="4-10">
        <text>νομὰς</text>
        <refs nrefs="5-11"/>
      </w>
      <w n="4-11">
        <text>τῶν</text>
        <refs nrefs="5-12"/>
      </w>
      <w n="4-12">
        <text>βοῶν</text>
        <refs nrefs="5-13"/>
      </w>
      <w n="4-13">
        <text>εἶχε</text>
        <refs nrefs="5-9"/>
      </w>
      <w n="4-14">
        <text>οὗτος</text>
        <refs nrefs="5-7"/>
      </w>
      <w n="4-15">
        <text>δὴ</text>
      </w>
      <w n="4-16">
        <text>ὁ</text>
        <refs nrefs="5-8"/>
      </w>
      <w n="4-17">
        <text>βουκόλος</text>
        <refs nrefs="5-8"/>
      </w>
      <w n="4-18">
        <text>,</text>
        <refs nrefs="5-14"/>
      </w>
      <w n="4-19">
        <text>πρὸς</text>
        <refs nrefs="5-16 5-17"/>
      </w>
      <w n="4-20">
        <text>βορέω</text>
        <refs nrefs="5-18 5-19"/>
      </w>
      <w n="4-21">
        <text>τε</text>
      </w>
      <w n="4-22">
        <text>ἀνέμου</text>
        <refs nrefs="5-18 5-19"/>
      </w>
      <w n="4-23">
        <text>τῶν</text>
        <refs nrefs="5-20"/>
      </w>
      <w n="4-24">
        <text>Ἀγβατάνων</text>
        <refs nrefs="5-21"/>
      </w>
      <w n="4-25">
        <text>καὶ</text>
        <refs nrefs="5-22"/>
      </w>
      <w n="4-26">
        <text>πρὸς</text>
        <refs nrefs="5-23"/>
      </w>
      <w n="4-27">
        <text>τοῦ</text>
        <refs nrefs="5-23"/>
      </w>
      <w n="4-28">
        <text>πόντου</text>
        <refs nrefs="5-24"/>
      </w>
      <w n="4-29">
        <text>τοῦ</text>
        <refs nrefs="5-25"/>
      </w>
      <w n="4-30">
        <text>Εὐξείνου</text>
        <refs nrefs="5-25"/>
      </w>
      <w n="4-31">
        <text>:</text>
      </w>
      <w n="5-1">
        <text>ταύτῃ</text>
        <refs nrefs="6-2"/>
      </w>
      <w n="5-2">
        <text>μὲν</text>
      </w>
      <w n="5-3">
        <text>γὰρ</text>
      </w>
      <w n="5-4">
        <text>ἡ</text>
        <refs nrefs="6-5"/>
      </w>
      <w n="5-5">
        <text>Μηδικὴ</text>
        <refs nrefs="6-6"/>
      </w>
      <w n="5-6">
        <text>χωρῇ</text>
        <refs nrefs="6-8 6-9"/>
      </w>
      <w n="5-7">
        <text>πρὸς</text>
        <refs nrefs="6-10"/>
      </w>
      <w n="5-8">
        <text>Σασπείρων</text>
        <refs nrefs="6-11 6-12"/>
      </w>
      <w n="5-9">
        <text>ὀρεινή</text>
        <refs nrefs="6-16"/>
      </w>
      <w n="5-10">
        <text>ἐστι</text>
        <refs nrefs="6-14"/>
      </w>
      <w n="5-11">
        <text>κάρτα</text>
        <refs nrefs="6-15"/>
      </w>
      <w n="5-12">
        <text>καὶ</text>
        <refs nrefs="6-17"/>
      </w>
      <w n="5-13">
        <text>ὑψηλή</text>
        <refs nrefs="6-18"/>
      </w>
      <w n="5-14">
        <text>τε</text>
      </w>
      <w n="5-15">
        <text>καὶ</text>
        <refs nrefs="6-19"/>
      </w>
      <w n="5-16">
        <text>ἴδῃσι</text>
        <refs nrefs="6-21 6-22"/>
      </w>
      <w n="5-17">
        <text>συνηρεφής</text>
        <refs nrefs="6-20"/>
      </w>
      <w n="5-18">
        <text>,</text>
        <refs nrefs="6-23"/>
      </w>
      <w n="5-19">
        <text>ἡ</text>
        <refs nrefs="6-25 6-26 6-27"/>
      </w>
      <w n="5-20">
        <text>δὲ</text>
        <refs nrefs="6-24"/>
      </w>
      <w n="5-21">
        <text>ἄλλη</text>
        <refs nrefs="6-25 6-26 6-27"/>
      </w>
      <w n="5-22">
        <text>Μηδικὴ</text>
        <refs nrefs="6-28 6-29"/>
      </w>
      <w n="5-23">
        <text>χωρῇ</text>
      </w>
      <w n="5-24">
        <text>ἐστὶ</text>
        <refs nrefs="6-30"/>
      </w>
      <w n="5-25">
        <text>πᾶσα</text>
        <refs nrefs="6-31"/>
      </w>
      <w n="5-26">
        <text>ἄπεδος</text>
        <refs nrefs="6-32"/>
      </w>
      <w n="5-27">
        <text>.</text>
        <refs nrefs="6-33"/>
      </w>
      <w n="6-1">
        <text>ἐπεὶ</text>
        <refs nrefs="7-1"/>
      </w>
      <w n="6-2">
        <text>ὦν</text>
        <refs nrefs="7-3"/>
      </w>
      <w n="6-3">
        <text>ὁ</text>
        <refs nrefs="7-5"/>
      </w>
      <w n="6-4">
        <text>βουκόλος</text>
        <refs nrefs="7-6"/>
      </w>
      <w n="6-5">
        <text>σπουδῇ</text>
        <refs nrefs="7-12 7-14 7-15"/>
      </w>
      <w n="6-6">
        <text>πολλῇ</text>
        <refs nrefs="7-13"/>
      </w>
      <w n="6-7">
        <text>καλεόμενος</text>
        <refs nrefs="7-8 7-9 7-10 7-11"/>
      </w>
      <w n="6-8">
        <text>ἀπίκετο</text>
        <refs nrefs="7-17"/>
      </w>
      <w n="6-9">
        <text>,</text>
      </w>
      <w n="6-10">
        <text>ἔλεγε</text>
        <refs nrefs="7-20"/>
      </w>
      <w n="6-11">
        <text>ὁ</text>
        <refs nrefs="7-19"/>
      </w>
      <w n="6-12">
        <text>Ἅρπαγος</text>
        <refs nrefs="7-19"/>
      </w>
      <w n="6-13">
        <text>τάδε</text>
        <refs nrefs="7-21"/>
      </w>
      <w n="6-14">
        <text>.</text>
      </w>
      <w n="7-1">
        <text>‘κελεύει</text>
        <refs nrefs="8-2"/>
      </w>
      <w n="7-2">
        <text>σε</text>
        <refs nrefs="8-3 8-4"/>
      </w>
      <w n="7-3">
        <text>Ἀστυάγης</text>
        <refs nrefs="8-1"/>
      </w>
      <w n="7-4">
        <text>τὸ</text>
        <refs nrefs="8-10"/>
      </w>
      <w n="7-5">
        <text>παιδίον</text>
        <refs nrefs="8-11"/>
      </w>
      <w n="7-6">
        <text>τοῦτο</text>
        <refs nrefs="8-14 8-15"/>
      </w>
      <w n="7-7">
        <text>λαβόντα</text>
        <refs nrefs="8-7 8-8 8-9"/>
      </w>
      <w n="7-8">
        <text>θεῖναι</text>
        <refs nrefs="8-13"/>
      </w>
      <w n="7-9">
        <text>ἐς</text>
        <refs nrefs="8-16"/>
      </w>
      <w n="7-10">
        <text>τὸ</text>
      </w>
      <w n="7-11">
        <text>ἐρημότατον</text>
        <refs nrefs="8-20 8-21"/>
      </w>
      <w n="7-12">
        <text>τῶν</text>
        <refs nrefs="8-22"/>
      </w>
      <w n="7-13">
        <text>ὀρέων</text>
        <refs nrefs="8-23"/>
      </w>
      <w n="7-14">
        <text>,</text>
      </w>
      <w n="7-15">
        <text>ὅκως</text>
        <refs nrefs="8-25 8-26 8-27"/>
      </w>
      <w n="7-16">
        <text>ἂν</text>
        <refs nrefs="8-28"/>
      </w>
      <w n="7-17">
        <text>τάχιστα</text>
        <refs nrefs="8-29 8-30 8-31 8-32"/>
      </w>
      <w n="7-18">
        <text>διαφθαρείη</text>
        <refs nrefs="8-28"/>
      </w>
      <w n="7-19">
        <text>:</text>
      </w>
      <w n="8-1">
        <text>καὶ</text>
        <refs nrefs="9-1"/>
      </w>
      <w n="8-2">
        <text>τάδε</text>
        <refs nrefs="9-5"/>
      </w>
      <w n="8-3">
        <text>τοὶ</text>
        <refs nrefs="9-3"/>
      </w>
      <w n="8-4">
        <text>ἐκέλευσε</text>
        <refs nrefs="9-2"/>
      </w>
      <w n="8-5">
        <text>εἰπεῖν</text>
        <refs nrefs="9-4"/>
      </w>
      <w n="8-6">
        <text>,</text>
        <refs nrefs="9-6"/>
      </w>
      <w n="8-7">
        <text>ἢν</text>
        <refs nrefs="9-7"/>
      </w>
      <w n="8-8">
        <text>μὴ</text>
        <refs nrefs="9-8"/>
      </w>
      <w n="8-9">
        <text>ἀποκτείνῃς</text>
        <refs nrefs="9-9"/>
      </w>
      <w n="8-10">
        <text>αὐτὸ</text>
        <refs nrefs="9-11"/>
      </w>
      <w n="8-11">
        <text>ἀλλὰ</text>
        <refs nrefs="9-13"/>
      </w>
      <w n="8-12">
        <text>τεῷ</text>
        <refs nrefs="9-14 9-15 9-16"/>
      </w>
      <w n="8-13">
        <text>τρόπῳ</text>
        <refs nrefs="9-14 9-15 9-16"/>
      </w>
      <w n="8-14">
        <text>περιποιήσῃς</text>
        <refs nrefs="9-17 9-18 9-19"/>
      </w>
      <w n="8-15">
        <text>,</text>
        <refs nrefs="9-20"/>
      </w>
      <w n="8-16">
        <text>ὀλέθρῳ</text>
        <refs nrefs="9-22 9-25"/>
      </w>
      <w n="8-17">
        <text>τῷ</text>
        <refs nrefs="9-23"/>
      </w>
      <w n="8-18">
        <text>κακίστῳ</text>
        <refs nrefs="9-24"/>
      </w>
      <w n="8-19">
        <text>σε</text>
        <refs nrefs="9-21"/>
      </w>
      <w n="8-20">
        <text>διαχρήσεσθαι</text>
        <refs nrefs="9-22 9-25"/>
      </w>
      <w n="8-21">
        <text>.</text>
        <refs nrefs="9-26"/>
      </w>
      <w n="9-1">
        <text>ἐπορᾶν</text>
        <refs nrefs="10-5"/>
      </w>
      <w n="9-2">
        <text>δὲ</text>
      </w>
      <w n="9-3">
        <text>ἐκκείμενον</text>
        <refs nrefs="10-10 10-11"/>
      </w>
      <w n="9-4">
        <text>τέταγμαι</text>
        <refs nrefs="10-2 10-3 10-4"/>
      </w>
      <w n="9-5">
        <text>ἐγώ</text>
        <refs nrefs="10-1"/>
      </w>
      <w n="9-6">
        <text>.</text>
        <refs nrefs="10-17"/>
      </w>
      <w n="10-1">
        <text>’</text>
      </w>
    </wds>
    <wds lnum="L2">
      <comment class="uri"/>
      <w n="1-1">
        <text>Disse</text>
        <refs nrefs="1-2"/>
      </w>
      <w n="1-2">
        <text>estas</text>
        <refs nrefs="1-1"/>
      </w>
      <w n="1-3">
        <text>coisas</text>
        <refs nrefs="1-1"/>
      </w>
      <w n="1-4">
        <text>e</text>
        <refs nrefs="1-3"/>
      </w>
      <w n="1-5">
        <text>,</text>
      </w>
      <w n="1-6">
        <text>no</text>
        <refs nrefs="1-4"/>
      </w>
      <w n="1-7">
        <text>mesmo</text>
        <refs nrefs="1-4"/>
      </w>
      <w n="1-8">
        <text>instante</text>
        <refs nrefs="1-4"/>
      </w>
      <w n="1-9">
        <text>,</text>
      </w>
      <w n="1-10">
        <text>enviou</text>
        <refs nrefs="1-6"/>
      </w>
      <w n="1-11">
        <text>um</text>
        <refs nrefs="1-5"/>
      </w>
      <w n="1-12">
        <text>mensageiro</text>
        <refs nrefs="1-5"/>
      </w>
      <w n="1-13">
        <text>a</text>
        <refs nrefs="1-7"/>
      </w>
      <w n="1-14">
        <text>[</text>
      </w>
      <w n="1-15">
        <text>um</text>
      </w>
      <w n="1-16">
        <text>]</text>
      </w>
      <w n="1-17">
        <text>dos</text>
        <refs nrefs="1-8"/>
      </w>
      <w n="1-18">
        <text>peões</text>
        <refs nrefs="1-9"/>
      </w>
      <w n="1-19">
        <text>de</text>
        <refs nrefs="1-10"/>
      </w>
      <w n="1-20">
        <text>Astíages</text>
        <refs nrefs="1-11"/>
      </w>
      <w n="1-21">
        <text>,</text>
      </w>
      <w n="1-22">
        <text>que</text>
        <refs nrefs="1-12"/>
      </w>
      <w n="1-23">
        <text>conhecia</text>
        <refs nrefs="1-13"/>
      </w>
      <w n="1-24">
        <text>o</text>
        <refs nrefs="1-17"/>
      </w>
      <w n="1-25">
        <text>administrador</text>
        <refs nrefs="1-17"/>
      </w>
      <w n="1-26">
        <text>de</text>
        <refs nrefs="1-17"/>
      </w>
      <w n="1-27">
        <text>pastos</text>
        <refs nrefs="1-14"/>
      </w>
      <w n="1-28">
        <text>muitíssimos</text>
        <refs nrefs="1-16"/>
      </w>
      <w n="1-29">
        <text>vantajosos</text>
        <refs nrefs="1-16"/>
      </w>
      <w n="1-30">
        <text>e</text>
        <refs nrefs="1-18"/>
      </w>
      <w n="1-31">
        <text>das</text>
        <refs nrefs="1-19"/>
      </w>
      <w n="1-32">
        <text>montanhas</text>
        <refs nrefs="1-19"/>
      </w>
      <w n="1-33">
        <text>mais</text>
        <refs nrefs="1-20"/>
      </w>
      <w n="1-34">
        <text>infestadas</text>
        <refs nrefs="1-20"/>
      </w>
      <w n="1-35">
        <text>por</text>
        <refs nrefs="1-20"/>
      </w>
      <w n="1-36">
        <text>animais</text>
        <refs nrefs="1-20"/>
      </w>
      <w n="1-37">
        <text>selvagens</text>
        <refs nrefs="1-20"/>
      </w>
      <w n="1-38">
        <text>.</text>
        <refs nrefs="1-21"/>
      </w>
      <w n="2-1">
        <text>O</text>
        <refs nrefs="2-2"/>
      </w>
      <w n="2-2">
        <text>nome</text>
        <refs nrefs="2-2"/>
      </w>
      <w n="2-3">
        <text>dele</text>
        <refs nrefs="2-1"/>
      </w>
      <w n="2-4">
        <text>era</text>
        <refs nrefs="2-3"/>
      </w>
      <w n="2-5">
        <text>Mitridates</text>
        <refs nrefs="2-4"/>
      </w>
      <w n="2-6">
        <text>e</text>
        <refs nrefs="2-7"/>
      </w>
      <w n="2-7">
        <text>vivia</text>
        <refs nrefs="2-6"/>
      </w>
      <w n="2-8">
        <text>com</text>
        <refs nrefs="2-6"/>
      </w>
      <w n="2-9">
        <text>a</text>
        <refs nrefs="2-9"/>
      </w>
      <w n="2-10">
        <text>própria</text>
        <refs nrefs="2-8"/>
      </w>
      <w n="2-11">
        <text>companheira</text>
        <refs nrefs="2-9"/>
      </w>
      <w n="2-12">
        <text>de</text>
        <refs nrefs="2-9"/>
      </w>
      <w n="2-13">
        <text>escravidão</text>
        <refs nrefs="2-9"/>
      </w>
      <w n="2-14">
        <text>.</text>
      </w>
      <w n="3-1">
        <text>O</text>
        <refs nrefs="2-11"/>
      </w>
      <w n="3-2">
        <text>nome</text>
        <refs nrefs="2-11"/>
      </w>
      <w n="3-3">
        <text>da</text>
        <refs nrefs="2-13"/>
      </w>
      <w n="3-4">
        <text>mulher</text>
        <refs nrefs="2-14"/>
      </w>
      <w n="3-5">
        <text>com</text>
        <refs nrefs="2-16"/>
      </w>
      <w n="3-6">
        <text>quem</text>
        <refs nrefs="2-16"/>
      </w>
      <w n="3-7">
        <text>vivia</text>
        <refs nrefs="2-17"/>
      </w>
      <w n="3-8">
        <text>era</text>
        <refs nrefs="2-15"/>
      </w>
      <w n="3-9">
        <text>Cinó</text>
        <refs nrefs="2-18"/>
      </w>
      <w n="3-10">
        <text>na</text>
        <refs nrefs="2-19"/>
      </w>
      <w n="3-11">
        <text>língua</text>
        <refs nrefs="2-22"/>
      </w>
      <w n="3-12">
        <text>dos</text>
        <refs nrefs="2-20"/>
      </w>
      <w n="3-13">
        <text>helenos</text>
        <refs nrefs="2-21"/>
      </w>
      <w n="3-14">
        <text>,</text>
        <refs nrefs="2-23"/>
      </w>
      <w n="3-15">
        <text>e</text>
        <refs nrefs="2-25"/>
      </w>
      <w n="3-16">
        <text>Espacó</text>
        <refs nrefs="2-28"/>
      </w>
      <w n="3-17">
        <text>na</text>
        <refs nrefs="2-24"/>
      </w>
      <w n="3-18">
        <text>dos</text>
        <refs nrefs="2-26"/>
      </w>
      <w n="3-19">
        <text>medos</text>
        <refs nrefs="2-27"/>
      </w>
      <w n="3-20">
        <text>;</text>
        <refs nrefs="2-29"/>
      </w>
      <w n="4-1">
        <text>pois</text>
        <refs nrefs="3-2"/>
      </w>
      <w n="4-2">
        <text>os</text>
        <refs nrefs="3-6"/>
      </w>
      <w n="4-3">
        <text>medos</text>
        <refs nrefs="3-6"/>
      </w>
      <w n="4-4">
        <text>chamam</text>
        <refs nrefs="3-4"/>
      </w>
      <w n="4-5">
        <text>cadela</text>
        <refs nrefs="3-1 3-3"/>
      </w>
      <w n="4-6">
        <text>de</text>
        <refs nrefs="3-4"/>
      </w>
      <w n="4-7">
        <text>Espaca</text>
        <refs nrefs="3-5"/>
      </w>
      <w n="4-8">
        <text>.</text>
        <refs nrefs="3-7"/>
      </w>
      <w n="5-1">
        <text>Os</text>
        <refs nrefs="4-1"/>
      </w>
      <w n="5-2">
        <text>sopés</text>
        <refs nrefs="4-3"/>
      </w>
      <w n="5-3">
        <text>das</text>
        <refs nrefs="4-5"/>
      </w>
      <w n="5-4">
        <text>montanhas</text>
        <refs nrefs="4-6"/>
      </w>
      <w n="5-5">
        <text>,</text>
        <refs nrefs="4-7"/>
      </w>
      <w n="5-6">
        <text>onde</text>
        <refs nrefs="4-8"/>
      </w>
      <w n="5-7">
        <text>este</text>
        <refs nrefs="4-14"/>
      </w>
      <w n="5-8">
        <text>peão</text>
        <refs nrefs="4-16 4-17"/>
      </w>
      <w n="5-9">
        <text>mantinha</text>
        <refs nrefs="4-13"/>
      </w>
      <w n="5-10">
        <text>as</text>
        <refs nrefs="4-9"/>
      </w>
      <w n="5-11">
        <text>pastagens</text>
        <refs nrefs="4-10"/>
      </w>
      <w n="5-12">
        <text>dos</text>
        <refs nrefs="4-11"/>
      </w>
      <w n="5-13">
        <text>bois</text>
        <refs nrefs="4-12"/>
      </w>
      <w n="5-14">
        <text>,</text>
        <refs nrefs="4-18"/>
      </w>
      <w n="5-15">
        <text>ficam</text>
        <refs nrefs="4-4"/>
      </w>
      <w n="5-16">
        <text>em</text>
        <refs nrefs="4-19"/>
      </w>
      <w n="5-17">
        <text>direção</text>
        <refs nrefs="4-19"/>
      </w>
      <w n="5-18">
        <text>ao</text>
        <refs nrefs="4-20 4-22"/>
      </w>
      <w n="5-19">
        <text>norte</text>
        <refs nrefs="4-20 4-22"/>
      </w>
      <w n="5-20">
        <text>de</text>
        <refs nrefs="4-23"/>
      </w>
      <w n="5-21">
        <text>Ecbátana</text>
        <refs nrefs="4-24"/>
      </w>
      <w n="5-22">
        <text>e</text>
        <refs nrefs="4-25"/>
      </w>
      <w n="5-23">
        <text>do</text>
        <refs nrefs="4-26 4-27"/>
      </w>
      <w n="5-24">
        <text>Ponto</text>
        <refs nrefs="4-28"/>
      </w>
      <w n="5-25">
        <text>Euxino</text>
        <refs nrefs="4-29 4-30"/>
      </w>
      <w n="5-26">
        <text>.</text>
      </w>
      <w n="6-1">
        <text>Por</text>
      </w>
      <w n="6-2">
        <text>esse</text>
        <refs nrefs="5-1"/>
      </w>
      <w n="6-3">
        <text>lugar</text>
      </w>
      <w n="6-4">
        <text>,</text>
      </w>
      <w n="6-5">
        <text>a</text>
        <refs nrefs="5-4"/>
      </w>
      <w n="6-6">
        <text>Média</text>
        <refs nrefs="5-5"/>
      </w>
      <w n="6-7">
        <text>,</text>
      </w>
      <w n="6-8">
        <text>na</text>
        <refs nrefs="5-6"/>
      </w>
      <w n="6-9">
        <text>região</text>
        <refs nrefs="5-6"/>
      </w>
      <w n="6-10">
        <text>voltada</text>
        <refs nrefs="5-7"/>
      </w>
      <w n="6-11">
        <text>aos</text>
        <refs nrefs="5-8"/>
      </w>
      <w n="6-12">
        <text>Sapiros</text>
        <refs nrefs="5-8"/>
      </w>
      <w n="6-13">
        <text>,</text>
      </w>
      <w n="6-14">
        <text>é</text>
        <refs nrefs="5-10"/>
      </w>
      <w n="6-15">
        <text>muito</text>
        <refs nrefs="5-11"/>
      </w>
      <w n="6-16">
        <text>montanhosa</text>
        <refs nrefs="5-9"/>
      </w>
      <w n="6-17">
        <text>,</text>
        <refs nrefs="5-12"/>
      </w>
      <w n="6-18">
        <text>altaneira</text>
        <refs nrefs="5-13"/>
      </w>
      <w n="6-19">
        <text>e</text>
        <refs nrefs="5-15"/>
      </w>
      <w n="6-20">
        <text>coberta</text>
        <refs nrefs="5-17"/>
      </w>
      <w n="6-21">
        <text>por</text>
        <refs nrefs="5-16"/>
      </w>
      <w n="6-22">
        <text>florestas</text>
        <refs nrefs="5-16"/>
      </w>
      <w n="6-23">
        <text>,</text>
        <refs nrefs="5-18"/>
      </w>
      <w n="6-24">
        <text>mas</text>
        <refs nrefs="5-20"/>
      </w>
      <w n="6-25">
        <text>de</text>
        <refs nrefs="5-19 5-21"/>
      </w>
      <w n="6-26">
        <text>outro</text>
        <refs nrefs="5-19 5-21"/>
      </w>
      <w n="6-27">
        <text>lado</text>
        <refs nrefs="5-19 5-21"/>
      </w>
      <w n="6-28">
        <text>a</text>
        <refs nrefs="5-22"/>
      </w>
      <w n="6-29">
        <text>Média</text>
        <refs nrefs="5-22"/>
      </w>
      <w n="6-30">
        <text>é</text>
        <refs nrefs="5-24"/>
      </w>
      <w n="6-31">
        <text>toda</text>
        <refs nrefs="5-25"/>
      </w>
      <w n="6-32">
        <text>plana</text>
        <refs nrefs="5-26"/>
      </w>
      <w n="6-33">
        <text>.</text>
        <refs nrefs="5-27"/>
      </w>
      <w n="7-1">
        <text>Quando</text>
        <refs nrefs="6-1"/>
      </w>
      <w n="7-2">
        <text>,</text>
      </w>
      <w n="7-3">
        <text>então</text>
        <refs nrefs="6-2"/>
      </w>
      <w n="7-4">
        <text>,</text>
      </w>
      <w n="7-5">
        <text>o</text>
        <refs nrefs="6-3"/>
      </w>
      <w n="7-6">
        <text>peão</text>
        <refs nrefs="6-4"/>
      </w>
      <w n="7-7">
        <text>,</text>
      </w>
      <w n="7-8">
        <text>por</text>
        <refs nrefs="6-7"/>
      </w>
      <w n="7-9">
        <text>ter</text>
        <refs nrefs="6-7"/>
      </w>
      <w n="7-10">
        <text>sido</text>
        <refs nrefs="6-7"/>
      </w>
      <w n="7-11">
        <text>chamado</text>
        <refs nrefs="6-7"/>
      </w>
      <w n="7-12">
        <text>com</text>
        <refs nrefs="6-5"/>
      </w>
      <w n="7-13">
        <text>toda</text>
        <refs nrefs="6-6"/>
      </w>
      <w n="7-14">
        <text>a</text>
        <refs nrefs="6-5"/>
      </w>
      <w n="7-15">
        <text>pressa</text>
        <refs nrefs="6-5"/>
      </w>
      <w n="7-16">
        <text>,</text>
      </w>
      <w n="7-17">
        <text>chegou</text>
        <refs nrefs="6-8"/>
      </w>
      <w n="7-18">
        <text>,</text>
      </w>
      <w n="7-19">
        <text>Hárpago</text>
        <refs nrefs="6-11 6-12"/>
      </w>
      <w n="7-20">
        <text>disse</text>
        <refs nrefs="6-10"/>
      </w>
      <w n="7-21">
        <text>essas</text>
        <refs nrefs="6-13"/>
      </w>
      <w n="7-22">
        <text>palavras</text>
      </w>
      <w n="7-23">
        <text>:</text>
      </w>
      <w n="8-1">
        <text>Astíages</text>
        <refs nrefs="7-3"/>
      </w>
      <w n="8-2">
        <text>ordena</text>
        <refs nrefs="7-1"/>
      </w>
      <w n="8-3">
        <text>a</text>
        <refs nrefs="7-2"/>
      </w>
      <w n="8-4">
        <text>você</text>
        <refs nrefs="7-2"/>
      </w>
      <w n="8-5">
        <text>que</text>
      </w>
      <w n="8-6">
        <text>,</text>
      </w>
      <w n="8-7">
        <text>depois</text>
        <refs nrefs="7-7"/>
      </w>
      <w n="8-8">
        <text>de</text>
        <refs nrefs="7-7"/>
      </w>
      <w n="8-9">
        <text>pegar</text>
        <refs nrefs="7-7"/>
      </w>
      <w n="8-10">
        <text>o</text>
        <refs nrefs="7-4"/>
      </w>
      <w n="8-11">
        <text>menino</text>
        <refs nrefs="7-5"/>
      </w>
      <w n="8-12">
        <text>,</text>
      </w>
      <w n="8-13">
        <text>coloque</text>
        <refs nrefs="7-8"/>
      </w>
      <w n="8-14">
        <text>-</text>
        <refs nrefs="7-6"/>
      </w>
      <w n="8-15">
        <text>o</text>
        <refs nrefs="7-6"/>
      </w>
      <w n="8-16">
        <text>no</text>
        <refs nrefs="7-9"/>
      </w>
      <w n="8-17">
        <text>[</text>
      </w>
      <w n="8-18">
        <text>lugar</text>
      </w>
      <w n="8-19">
        <text>]</text>
      </w>
      <w n="8-20">
        <text>mais</text>
        <refs nrefs="7-11"/>
      </w>
      <w n="8-21">
        <text>ermo</text>
        <refs nrefs="7-11"/>
      </w>
      <w n="8-22">
        <text>das</text>
        <refs nrefs="7-12"/>
      </w>
      <w n="8-23">
        <text>montanhas</text>
        <refs nrefs="7-13"/>
      </w>
      <w n="8-24">
        <text>,</text>
      </w>
      <w n="8-25">
        <text>de</text>
        <refs nrefs="7-15"/>
      </w>
      <w n="8-26">
        <text>maneira</text>
        <refs nrefs="7-15"/>
      </w>
      <w n="8-27">
        <text>que</text>
        <refs nrefs="7-15"/>
      </w>
      <w n="8-28">
        <text>morra</text>
        <refs nrefs="7-16 7-18"/>
      </w>
      <w n="8-29">
        <text>o</text>
        <refs nrefs="7-17"/>
      </w>
      <w n="8-30">
        <text>mais</text>
        <refs nrefs="7-17"/>
      </w>
      <w n="8-31">
        <text>rápido</text>
        <refs nrefs="7-17"/>
      </w>
      <w n="8-32">
        <text>possível</text>
        <refs nrefs="7-17"/>
      </w>
      <w n="8-33">
        <text>.</text>
      </w>
      <w n="9-1">
        <text>E</text>
        <refs nrefs="8-1"/>
      </w>
      <w n="9-2">
        <text>ordenou</text>
        <refs nrefs="8-4"/>
      </w>
      <w n="9-3">
        <text>lhe</text>
        <refs nrefs="8-3"/>
      </w>
      <w n="9-4">
        <text>dizer</text>
        <refs nrefs="8-5"/>
      </w>
      <w n="9-5">
        <text>que</text>
        <refs nrefs="8-2"/>
      </w>
      <w n="9-6">
        <text>,</text>
        <refs nrefs="8-6"/>
      </w>
      <w n="9-7">
        <text>se</text>
        <refs nrefs="8-7"/>
      </w>
      <w n="9-8">
        <text>não</text>
        <refs nrefs="8-8"/>
      </w>
      <w n="9-9">
        <text>matá</text>
        <refs nrefs="8-9"/>
      </w>
      <w n="9-10">
        <text>-</text>
      </w>
      <w n="9-11">
        <text>lo</text>
        <refs nrefs="8-10"/>
      </w>
      <w n="9-12">
        <text>,</text>
      </w>
      <w n="9-13">
        <text>mas</text>
        <refs nrefs="8-11"/>
      </w>
      <w n="9-14">
        <text>de</text>
        <refs nrefs="8-12 8-13"/>
      </w>
      <w n="9-15">
        <text>algum</text>
        <refs nrefs="8-12 8-13"/>
      </w>
      <w n="9-16">
        <text>jeito</text>
        <refs nrefs="8-12 8-13"/>
      </w>
      <w n="9-17">
        <text>protegê</text>
        <refs nrefs="8-14"/>
      </w>
      <w n="9-18">
        <text>-</text>
        <refs nrefs="8-14"/>
      </w>
      <w n="9-19">
        <text>lo</text>
        <refs nrefs="8-14"/>
      </w>
      <w n="9-20">
        <text>,</text>
        <refs nrefs="8-15"/>
      </w>
      <w n="9-21">
        <text>você</text>
        <refs nrefs="8-19"/>
      </w>
      <w n="9-22">
        <text>experimentará</text>
        <refs nrefs="8-16 8-20"/>
      </w>
      <w n="9-23">
        <text>a</text>
        <refs nrefs="8-17"/>
      </w>
      <w n="9-24">
        <text>pior</text>
        <refs nrefs="8-18"/>
      </w>
      <w n="9-25">
        <text>morte</text>
        <refs nrefs="8-16 8-20"/>
      </w>
      <w n="9-26">
        <text>.</text>
        <refs nrefs="8-21"/>
      </w>
      <w n="10-1">
        <text>Eu</text>
        <refs nrefs="9-5"/>
      </w>
      <w n="10-2">
        <text>fui</text>
        <refs nrefs="9-4"/>
      </w>
      <w n="10-3">
        <text>designado</text>
        <refs nrefs="9-4"/>
      </w>
      <w n="10-4">
        <text>para</text>
        <refs nrefs="9-4"/>
      </w>
      <w n="10-5">
        <text>verificar</text>
        <refs nrefs="9-1"/>
      </w>
      <w n="10-6">
        <text>que</text>
      </w>
      <w n="10-7">
        <text>[</text>
      </w>
      <w n="10-8">
        <text>ele</text>
      </w>
      <w n="10-9">
        <text>]</text>
      </w>
      <w n="10-10">
        <text>foi</text>
        <refs nrefs="9-3"/>
      </w>
      <w n="10-11">
        <text>exposto</text>
        <refs nrefs="9-3"/>
      </w>
      <w n="10-12">
        <text>.</text>
        <refs nrefs="9-6"/>
      </w>
    </wds>
  </sentence>
</aligned-text>