<aligned-text xmlns="http://alpheios.net/namespaces/aligned-text">
  <language lnum="L1" xml:lang="grc" dir="ltr"/>
  <language lnum="L2" xml:lang="por" dir="ltr"/>
  <comment class="title">Hdt. 1.111.3-5</comment>
  <sentence id="1" document_id="">
    <wds lnum="L1">
      <comment class="uri"/>
      <w n="1-1">
        <text>ὡς</text>
        <refs nrefs="1-1 1-2"/>
      </w>
      <w n="1-2">
        <text>δὲ</text>
      </w>
      <w n="1-3">
        <text>τάχιστα</text>
      </w>
      <w n="1-4">
        <text>ἐσῆλθον</text>
        <refs nrefs="1-3"/>
      </w>
      <w n="1-5">
        <text>,</text>
        <refs nrefs="1-4"/>
      </w>
      <w n="1-6">
        <text>ὁρέω</text>
        <refs nrefs="1-5"/>
      </w>
      <w n="1-7">
        <text>παιδίον</text>
        <refs nrefs="1-6 1-7"/>
      </w>
      <w n="1-8">
        <text>προκείμενον</text>
        <refs nrefs="1-8"/>
      </w>
      <w n="1-9">
        <text>ἀσπαῖρόν</text>
        <refs nrefs="1-13"/>
      </w>
      <w n="1-10">
        <text>τε</text>
        <refs nrefs="1-14"/>
      </w>
      <w n="1-11">
        <text>καὶ</text>
        <refs nrefs="1-14"/>
      </w>
      <w n="1-12">
        <text>κραυγανόμενον</text>
        <refs nrefs="1-15"/>
      </w>
      <w n="1-13">
        <text>,</text>
        <refs nrefs="1-16"/>
      </w>
      <w n="1-14">
        <text>κεκοσμημένον</text>
        <refs nrefs="1-17"/>
      </w>
      <w n="1-15">
        <text>χρυσῷ</text>
        <refs nrefs="1-18 1-19"/>
      </w>
      <w n="1-16">
        <text>τε</text>
        <refs nrefs="1-20"/>
      </w>
      <w n="1-17">
        <text>καὶ</text>
        <refs nrefs="1-20"/>
      </w>
      <w n="1-18">
        <text>ἐσθῆτι</text>
        <refs nrefs="1-21"/>
      </w>
      <w n="1-19">
        <text>ποικίλῃ</text>
        <refs nrefs="1-22"/>
      </w>
      <w n="1-20">
        <text>.</text>
        <refs nrefs="1-23"/>
      </w>
      <w n="2-1">
        <text>Ἅρπαγος</text>
        <refs nrefs="2-1"/>
      </w>
      <w n="2-2">
        <text>δὲ</text>
      </w>
      <w n="2-3">
        <text>ὡς</text>
        <refs nrefs="2-3"/>
      </w>
      <w n="2-4">
        <text>εἶδέ</text>
        <refs nrefs="2-5"/>
      </w>
      <w n="2-5">
        <text>με</text>
        <refs nrefs="2-4"/>
      </w>
      <w n="2-6">
        <text>,</text>
        <refs nrefs="2-6"/>
      </w>
      <w n="2-7">
        <text>ἐκέλευε</text>
        <refs nrefs="2-7"/>
      </w>
      <w n="2-8">
        <text>τὴν</text>
        <refs nrefs="2-15 2-16"/>
      </w>
      <w n="2-9">
        <text>ταχίστην</text>
        <refs nrefs="2-15 2-16"/>
      </w>
      <w n="2-10">
        <text>ἀναλαβόντα</text>
        <refs nrefs="2-10 2-13 2-14"/>
      </w>
      <w n="2-11">
        <text>τὸ</text>
        <refs nrefs="2-11"/>
      </w>
      <w n="2-12">
        <text>παιδίον</text>
        <refs nrefs="2-12"/>
      </w>
      <w n="2-13">
        <text>οἴχεσθαι</text>
        <refs nrefs="2-18"/>
      </w>
      <w n="2-14">
        <text>φέροντα</text>
        <refs nrefs="2-20 2-21 2-22"/>
      </w>
      <w n="2-15">
        <text>καὶ</text>
      </w>
      <w n="2-16">
        <text>θεῖναι</text>
        <refs nrefs="2-23 2-24 2-25 2-27"/>
      </w>
      <w n="2-17">
        <text>ἔνθα</text>
        <refs nrefs="2-29 2-30"/>
      </w>
      <w n="2-18">
        <text>θηριωδέστατον</text>
        <refs nrefs="2-33 2-34 2-36 2-37"/>
      </w>
      <w n="2-19">
        <text>εἴη</text>
        <refs nrefs="2-35"/>
      </w>
      <w n="2-20">
        <text>τῶν</text>
        <refs nrefs="2-31"/>
      </w>
      <w n="2-21">
        <text>ὀρέων</text>
        <refs nrefs="2-32"/>
      </w>
      <w n="2-22">
        <text>,</text>
        <refs nrefs="2-38"/>
      </w>
      <w n="2-23">
        <text>φὰς</text>
        <refs nrefs="2-39"/>
      </w>
      <w n="2-24">
        <text>Ἀστυάγεα</text>
        <refs nrefs="2-41"/>
      </w>
      <w n="2-25">
        <text>εἶναι</text>
        <refs nrefs="2-40"/>
      </w>
      <w n="2-26">
        <text>τὸν</text>
        <refs nrefs="2-42"/>
      </w>
      <w n="2-27">
        <text>ταῦτα</text>
        <refs nrefs="2-45 2-46"/>
      </w>
      <w n="2-28">
        <text>ἐπιθέμενόν</text>
        <refs nrefs="2-44"/>
      </w>
      <w n="2-29">
        <text>μοι</text>
        <refs nrefs="2-43"/>
      </w>
      <w n="2-30">
        <text>,</text>
        <refs nrefs="2-47"/>
      </w>
      <w n="2-31">
        <text>πόλλ᾽</text>
        <refs nrefs="2-48"/>
      </w>
      <w n="2-32">
        <text>ἀπειλήσας</text>
        <refs nrefs="2-49"/>
      </w>
      <w n="2-33">
        <text>εἰ</text>
        <refs nrefs="2-50"/>
      </w>
      <w n="2-34">
        <text>μή</text>
        <refs nrefs="2-52"/>
      </w>
      <w n="2-35">
        <text>σφεα</text>
        <refs nrefs="2-53"/>
      </w>
      <w n="2-36">
        <text>ποιήσαιμι</text>
        <refs nrefs="2-54"/>
      </w>
      <w n="2-37">
        <text>.</text>
        <refs nrefs="2-55"/>
      </w>
      <w n="3-1">
        <text>καὶ</text>
        <refs nrefs="3-1"/>
      </w>
      <w n="3-2">
        <text>ἐγὼ</text>
        <refs nrefs="3-2"/>
      </w>
      <w n="3-3">
        <text>ἀναλαβὼν</text>
        <refs nrefs="3-4 3-5 3-10 3-11"/>
      </w>
      <w n="3-4">
        <text>ἔφερον</text>
        <refs nrefs="3-13"/>
      </w>
      <w n="3-5">
        <text>,</text>
      </w>
      <w n="3-6">
        <text>δοκέων</text>
        <refs nrefs="3-16"/>
      </w>
      <w n="3-7">
        <text>τῶν</text>
        <refs nrefs="3-20"/>
      </w>
      <w n="3-8">
        <text>τινος</text>
        <refs nrefs="3-18 3-19"/>
      </w>
      <w n="3-9">
        <text>οἰκετέων</text>
        <refs nrefs="3-21"/>
      </w>
      <w n="3-10">
        <text>εἶναι</text>
        <refs nrefs="3-17"/>
      </w>
      <w n="3-11">
        <text>:</text>
      </w>
      <w n="4-1">
        <text>οὐ</text>
        <refs nrefs="3-25"/>
      </w>
      <w n="4-2">
        <text>γὰρ</text>
        <refs nrefs="3-23"/>
      </w>
      <w n="4-3">
        <text>ἂν</text>
        <refs nrefs="3-27"/>
      </w>
      <w n="4-4">
        <text>κοτὲ</text>
      </w>
      <w n="4-5">
        <text>κατέδοξα</text>
        <refs nrefs="3-27"/>
      </w>
      <w n="4-6">
        <text>ἔνθεν</text>
        <refs nrefs="3-28 3-29"/>
      </w>
      <w n="4-7">
        <text>γε</text>
      </w>
      <w n="4-8">
        <text>ἦν</text>
        <refs nrefs="3-31"/>
      </w>
      <w n="4-9">
        <text>.</text>
        <refs nrefs="3-32"/>
      </w>
      <w n="5-1">
        <text>ἐθάμβεον</text>
        <refs nrefs="4-1 4-2"/>
      </w>
      <w n="5-2">
        <text>δὲ</text>
      </w>
      <w n="5-3">
        <text>ὁρέων</text>
        <refs nrefs="4-3 4-4"/>
      </w>
      <w n="5-4">
        <text>χρυσῷ</text>
        <refs nrefs="4-10 4-11"/>
      </w>
      <w n="5-5">
        <text>τε</text>
      </w>
      <w n="5-6">
        <text>καὶ</text>
        <refs nrefs="4-12"/>
      </w>
      <w n="5-7">
        <text>εἵμασι</text>
        <refs nrefs="4-13"/>
      </w>
      <w n="5-8">
        <text>κεκοσμημένον</text>
        <refs nrefs="4-8 4-9"/>
      </w>
      <w n="5-9">
        <text>,</text>
        <refs nrefs="4-14"/>
      </w>
      <w n="5-10">
        <text>πρὸς</text>
        <refs nrefs="4-17"/>
      </w>
      <w n="5-11">
        <text>δὲ</text>
        <refs nrefs="4-16"/>
      </w>
      <w n="5-12">
        <text>καὶ</text>
        <refs nrefs="4-15"/>
      </w>
      <w n="5-13">
        <text>κλαυθμὸν</text>
        <refs nrefs="4-19"/>
      </w>
      <w n="5-14">
        <text>κατεστεῶτα</text>
        <refs nrefs="4-21 4-22"/>
      </w>
      <w n="5-15">
        <text>ἐμφανέα</text>
        <refs nrefs="4-18"/>
      </w>
      <w n="5-16">
        <text>ἐν</text>
        <refs nrefs="4-23"/>
      </w>
      <w n="5-17">
        <text>Ἁρπάγου</text>
        <refs nrefs="4-27 4-28"/>
      </w>
      <w n="5-18">
        <text>.</text>
        <refs nrefs="4-29"/>
      </w>
      <w n="6-1">
        <text>καὶ</text>
      </w>
      <w n="6-2">
        <text>πρόκατε</text>
      </w>
      <w n="6-3">
        <text>δὴ</text>
      </w>
      <w n="6-4">
        <text>κατ᾽</text>
        <refs nrefs="5-6"/>
      </w>
      <w n="6-5">
        <text>ὁδὸν</text>
        <refs nrefs="5-7"/>
      </w>
      <w n="6-6">
        <text>πυνθάνομαι</text>
        <refs nrefs="5-4 5-5"/>
      </w>
      <w n="6-7">
        <text>τὸν</text>
        <refs nrefs="5-12"/>
      </w>
      <w n="6-8">
        <text>πάντα</text>
        <refs nrefs="5-11"/>
      </w>
      <w n="6-9">
        <text>λόγον</text>
        <refs nrefs="5-13"/>
      </w>
      <w n="6-10">
        <text>θεράποντος</text>
        <refs nrefs="5-14 5-15 5-16"/>
      </w>
      <w n="6-11">
        <text>,</text>
        <refs nrefs="5-17"/>
      </w>
      <w n="6-12">
        <text>ὃς</text>
        <refs nrefs="5-18"/>
      </w>
      <w n="6-13">
        <text>ἐμὲ</text>
        <refs nrefs="5-19"/>
      </w>
      <w n="6-14">
        <text>προπέμπων</text>
        <refs nrefs="5-20"/>
      </w>
      <w n="6-15">
        <text>ἔξω</text>
        <refs nrefs="5-27 5-28"/>
      </w>
      <w n="6-16">
        <text>πόλιος</text>
        <refs nrefs="5-29 5-30"/>
      </w>
      <w n="6-17">
        <text>ἐνεχείρισε</text>
        <refs nrefs="5-26"/>
      </w>
      <w n="6-18">
        <text>τὸ</text>
        <refs nrefs="5-21"/>
      </w>
      <w n="6-19">
        <text>βρέφος</text>
        <refs nrefs="5-22"/>
      </w>
      <w n="6-20">
        <text>,</text>
        <refs nrefs="5-31"/>
      </w>
      <w n="6-21">
        <text>ὡς</text>
        <refs nrefs="5-32 5-33"/>
      </w>
      <w n="6-22">
        <text>ἄρα</text>
      </w>
      <w n="6-23">
        <text>Μανδάνης</text>
        <refs nrefs="5-37 5-38"/>
      </w>
      <w n="6-24">
        <text>τε</text>
      </w>
      <w n="6-25">
        <text>εἴη</text>
        <refs nrefs="5-36"/>
      </w>
      <w n="6-26">
        <text>παῖς</text>
        <refs nrefs="5-34 5-35"/>
      </w>
      <w n="6-27">
        <text>τῆς</text>
        <refs nrefs="5-41"/>
      </w>
      <w n="6-28">
        <text>Ἀστυάγεος</text>
        <refs nrefs="5-42"/>
      </w>
      <w n="6-29">
        <text>θυγατρὸς</text>
        <refs nrefs="5-40"/>
      </w>
      <w n="6-30">
        <text>καὶ</text>
        <refs nrefs="5-44"/>
      </w>
      <w n="6-31">
        <text>Καμβύσεω</text>
        <refs nrefs="5-45"/>
      </w>
      <w n="6-32">
        <text>τοῦ</text>
        <refs nrefs="5-47 5-48"/>
      </w>
      <w n="6-33">
        <text>Κύρου</text>
        <refs nrefs="5-49"/>
      </w>
      <w n="6-34">
        <text>,</text>
        <refs nrefs="5-50"/>
      </w>
      <w n="6-35">
        <text>καί</text>
        <refs nrefs="5-51"/>
      </w>
      <w n="6-36">
        <text>μιν</text>
        <refs nrefs="5-54"/>
      </w>
      <w n="6-37">
        <text>Ἀστυάγης</text>
        <refs nrefs="5-53"/>
      </w>
      <w n="6-38">
        <text>ἐντέλλεται</text>
        <refs nrefs="5-55"/>
      </w>
      <w n="6-39">
        <text>ἀποκτεῖναι</text>
        <refs nrefs="5-56"/>
      </w>
      <w n="6-40">
        <text>.</text>
        <refs nrefs="5-57"/>
      </w>
      <w n="7-1">
        <text>νῦν</text>
        <refs nrefs="6-1"/>
      </w>
      <w n="7-2">
        <text>τε</text>
      </w>
      <w n="7-3">
        <text>ὅδε</text>
      </w>
      <w n="7-4">
        <text>ἐστί</text>
        <refs nrefs="6-3"/>
      </w>
      <w n="7-5">
        <text>.</text>
        <refs nrefs="6-8"/>
      </w>
      <w n="8-1">
        <text>’</text>
      </w>
    </wds>
    <wds lnum="L2">
      <comment class="uri"/>
      <w n="1-1">
        <text>Assim</text>
        <refs nrefs="1-1"/>
      </w>
      <w n="1-2">
        <text>que</text>
        <refs nrefs="1-1"/>
      </w>
      <w n="1-3">
        <text>entrei</text>
        <refs nrefs="1-4"/>
      </w>
      <w n="1-4">
        <text>,</text>
        <refs nrefs="1-5"/>
      </w>
      <w n="1-5">
        <text>vi</text>
        <refs nrefs="1-6"/>
      </w>
      <w n="1-6">
        <text>o</text>
        <refs nrefs="1-7"/>
      </w>
      <w n="1-7">
        <text>menino</text>
        <refs nrefs="1-7"/>
      </w>
      <w n="1-8">
        <text>abandonado</text>
        <refs nrefs="1-8"/>
      </w>
      <w n="1-9">
        <text>[</text>
      </w>
      <w n="1-10">
        <text>no</text>
      </w>
      <w n="1-11">
        <text>chão</text>
      </w>
      <w n="1-12">
        <text>]</text>
      </w>
      <w n="1-13">
        <text>agitado</text>
        <refs nrefs="1-9"/>
      </w>
      <w n="1-14">
        <text>e</text>
        <refs nrefs="1-10 1-11"/>
      </w>
      <w n="1-15">
        <text>esperneando</text>
        <refs nrefs="1-12"/>
      </w>
      <w n="1-16">
        <text>,</text>
        <refs nrefs="1-13"/>
      </w>
      <w n="1-17">
        <text>adornado</text>
        <refs nrefs="1-14"/>
      </w>
      <w n="1-18">
        <text>com</text>
        <refs nrefs="1-15"/>
      </w>
      <w n="1-19">
        <text>ouro</text>
        <refs nrefs="1-15"/>
      </w>
      <w n="1-20">
        <text>e</text>
        <refs nrefs="1-16 1-17"/>
      </w>
      <w n="1-21">
        <text>veste</text>
        <refs nrefs="1-18"/>
      </w>
      <w n="1-22">
        <text>colorida</text>
        <refs nrefs="1-19"/>
      </w>
      <w n="1-23">
        <text>.</text>
        <refs nrefs="1-20"/>
      </w>
      <w n="2-1">
        <text>Hárpago</text>
        <refs nrefs="2-1"/>
      </w>
      <w n="2-2">
        <text>,</text>
      </w>
      <w n="2-3">
        <text>quando</text>
        <refs nrefs="2-3"/>
      </w>
      <w n="2-4">
        <text>me</text>
        <refs nrefs="2-5"/>
      </w>
      <w n="2-5">
        <text>viu</text>
        <refs nrefs="2-4"/>
      </w>
      <w n="2-6">
        <text>,</text>
        <refs nrefs="2-6"/>
      </w>
      <w n="2-7">
        <text>ordenou</text>
        <refs nrefs="2-7"/>
      </w>
      <w n="2-8">
        <text>-</text>
      </w>
      <w n="2-9">
        <text>me</text>
      </w>
      <w n="2-10">
        <text>tomar</text>
        <refs nrefs="2-10"/>
      </w>
      <w n="2-11">
        <text>o</text>
        <refs nrefs="2-11"/>
      </w>
      <w n="2-12">
        <text>menino</text>
        <refs nrefs="2-12"/>
      </w>
      <w n="2-13">
        <text>nos</text>
        <refs nrefs="2-10"/>
      </w>
      <w n="2-14">
        <text>braços</text>
        <refs nrefs="2-10"/>
      </w>
      <w n="2-15">
        <text>sem</text>
        <refs nrefs="2-8 2-9"/>
      </w>
      <w n="2-16">
        <text>demora</text>
        <refs nrefs="2-8 2-9"/>
      </w>
      <w n="2-17">
        <text>,</text>
      </w>
      <w n="2-18">
        <text>sair</text>
        <refs nrefs="2-13"/>
      </w>
      <w n="2-19">
        <text>e</text>
      </w>
      <w n="2-20">
        <text>levá</text>
        <refs nrefs="2-14"/>
      </w>
      <w n="2-21">
        <text>-</text>
        <refs nrefs="2-14"/>
      </w>
      <w n="2-22">
        <text>lo</text>
        <refs nrefs="2-14"/>
      </w>
      <w n="2-23">
        <text>a</text>
        <refs nrefs="2-16"/>
      </w>
      <w n="2-24">
        <text>fim</text>
        <refs nrefs="2-16"/>
      </w>
      <w n="2-25">
        <text>de</text>
        <refs nrefs="2-16"/>
      </w>
      <w n="2-26">
        <text>o</text>
      </w>
      <w n="2-27">
        <text>deixar</text>
        <refs nrefs="2-16"/>
      </w>
      <w n="2-28">
        <text>em</text>
      </w>
      <w n="2-29">
        <text>uma</text>
        <refs nrefs="2-17"/>
      </w>
      <w n="2-30">
        <text>região</text>
        <refs nrefs="2-17"/>
      </w>
      <w n="2-31">
        <text>das</text>
        <refs nrefs="2-20"/>
      </w>
      <w n="2-32">
        <text>montanhas</text>
        <refs nrefs="2-21"/>
      </w>
      <w n="2-33">
        <text>em</text>
        <refs nrefs="2-18"/>
      </w>
      <w n="2-34">
        <text>que</text>
        <refs nrefs="2-18"/>
      </w>
      <w n="2-35">
        <text>houvesse</text>
        <refs nrefs="2-19"/>
      </w>
      <w n="2-36">
        <text>mais</text>
        <refs nrefs="2-18"/>
      </w>
      <w n="2-37">
        <text>feras</text>
        <refs nrefs="2-18"/>
      </w>
      <w n="2-38">
        <text>,</text>
        <refs nrefs="2-22"/>
      </w>
      <w n="2-39">
        <text>dizendo</text>
        <refs nrefs="2-23"/>
      </w>
      <w n="2-40">
        <text>ser</text>
        <refs nrefs="2-25"/>
      </w>
      <w n="2-41">
        <text>Astíages</text>
        <refs nrefs="2-24"/>
      </w>
      <w n="2-42">
        <text>quem</text>
        <refs nrefs="2-26"/>
      </w>
      <w n="2-43">
        <text>me</text>
        <refs nrefs="2-29"/>
      </w>
      <w n="2-44">
        <text>incumbiu</text>
        <refs nrefs="2-28"/>
      </w>
      <w n="2-45">
        <text>dessas</text>
        <refs nrefs="2-27"/>
      </w>
      <w n="2-46">
        <text>coisas</text>
        <refs nrefs="2-27"/>
      </w>
      <w n="2-47">
        <text>,</text>
        <refs nrefs="2-30"/>
      </w>
      <w n="2-48">
        <text>muito</text>
        <refs nrefs="2-31"/>
      </w>
      <w n="2-49">
        <text>ameaçando</text>
        <refs nrefs="2-32"/>
      </w>
      <w n="2-50">
        <text>se</text>
        <refs nrefs="2-33"/>
      </w>
      <w n="2-51">
        <text>eu</text>
      </w>
      <w n="2-52">
        <text>não</text>
        <refs nrefs="2-34"/>
      </w>
      <w n="2-53">
        <text>o</text>
        <refs nrefs="2-35"/>
      </w>
      <w n="2-54">
        <text>fizesse</text>
        <refs nrefs="2-36"/>
      </w>
      <w n="2-55">
        <text>.</text>
        <refs nrefs="2-37"/>
      </w>
      <w n="3-1">
        <text>E</text>
        <refs nrefs="3-1"/>
      </w>
      <w n="3-2">
        <text>eu</text>
        <refs nrefs="3-2"/>
      </w>
      <w n="3-3">
        <text>,</text>
      </w>
      <w n="3-4">
        <text>tendo</text>
        <refs nrefs="3-3"/>
      </w>
      <w n="3-5">
        <text>tomado</text>
        <refs nrefs="3-3"/>
      </w>
      <w n="3-6">
        <text>[</text>
      </w>
      <w n="3-7">
        <text>o</text>
      </w>
      <w n="3-8">
        <text>menino</text>
      </w>
      <w n="3-9">
        <text>]</text>
      </w>
      <w n="3-10">
        <text>nos</text>
        <refs nrefs="3-3"/>
      </w>
      <w n="3-11">
        <text>braços</text>
        <refs nrefs="3-3"/>
      </w>
      <w n="3-12">
        <text>,</text>
      </w>
      <w n="3-13">
        <text>carreguei</text>
        <refs nrefs="3-4"/>
      </w>
      <w n="3-14">
        <text>-</text>
      </w>
      <w n="3-15">
        <text>o</text>
      </w>
      <w n="3-16">
        <text>supondo</text>
        <refs nrefs="3-6"/>
      </w>
      <w n="3-17">
        <text>ser</text>
        <refs nrefs="3-10"/>
      </w>
      <w n="3-18">
        <text>de</text>
        <refs nrefs="3-8"/>
      </w>
      <w n="3-19">
        <text>algum</text>
        <refs nrefs="3-8"/>
      </w>
      <w n="3-20">
        <text>dos</text>
        <refs nrefs="3-7"/>
      </w>
      <w n="3-21">
        <text>servos</text>
        <refs nrefs="3-9"/>
      </w>
      <w n="3-22">
        <text>,</text>
      </w>
      <w n="3-23">
        <text>pois</text>
        <refs nrefs="4-2"/>
      </w>
      <w n="3-24">
        <text>não</text>
      </w>
      <w n="3-25">
        <text>nunca</text>
        <refs nrefs="4-1"/>
      </w>
      <w n="3-26">
        <text>teria</text>
      </w>
      <w n="3-27">
        <text>suspeitado</text>
        <refs nrefs="4-3 4-5"/>
      </w>
      <w n="3-28">
        <text>de</text>
        <refs nrefs="4-6"/>
      </w>
      <w n="3-29">
        <text>onde</text>
        <refs nrefs="4-6"/>
      </w>
      <w n="3-30">
        <text>ele</text>
      </w>
      <w n="3-31">
        <text>vinha</text>
        <refs nrefs="4-8"/>
      </w>
      <w n="3-32">
        <text>.</text>
        <refs nrefs="4-9"/>
      </w>
      <w n="4-1">
        <text>Fiquei</text>
        <refs nrefs="5-1"/>
      </w>
      <w n="4-2">
        <text>assustado</text>
        <refs nrefs="5-1"/>
      </w>
      <w n="4-3">
        <text>ao</text>
        <refs nrefs="5-3"/>
      </w>
      <w n="4-4">
        <text>ver</text>
        <refs nrefs="5-3"/>
      </w>
      <w n="4-5">
        <text>que</text>
      </w>
      <w n="4-6">
        <text>o</text>
      </w>
      <w n="4-7">
        <text>menino</text>
      </w>
      <w n="4-8">
        <text>estava</text>
        <refs nrefs="5-8"/>
      </w>
      <w n="4-9">
        <text>adornado</text>
        <refs nrefs="5-8"/>
      </w>
      <w n="4-10">
        <text>com</text>
        <refs nrefs="5-4"/>
      </w>
      <w n="4-11">
        <text>ouro</text>
        <refs nrefs="5-4"/>
      </w>
      <w n="4-12">
        <text>e</text>
        <refs nrefs="5-6"/>
      </w>
      <w n="4-13">
        <text>vestimenta</text>
        <refs nrefs="5-7"/>
      </w>
      <w n="4-14">
        <text>,</text>
        <refs nrefs="5-9"/>
      </w>
      <w n="4-15">
        <text>e</text>
        <refs nrefs="5-12"/>
      </w>
      <w n="4-16">
        <text>também</text>
        <refs nrefs="5-11"/>
      </w>
      <w n="4-17">
        <text>pelo</text>
        <refs nrefs="5-10"/>
      </w>
      <w n="4-18">
        <text>manifesto</text>
        <refs nrefs="5-15"/>
      </w>
      <w n="4-19">
        <text>pranto</text>
        <refs nrefs="5-13"/>
      </w>
      <w n="4-20">
        <text>que</text>
      </w>
      <w n="4-21">
        <text>estava</text>
        <refs nrefs="5-14"/>
      </w>
      <w n="4-22">
        <text>estabelecido</text>
        <refs nrefs="5-14"/>
      </w>
      <w n="4-23">
        <text>na</text>
        <refs nrefs="5-16"/>
      </w>
      <w n="4-24">
        <text>[</text>
      </w>
      <w n="4-25">
        <text>casa</text>
      </w>
      <w n="4-26">
        <text>]</text>
      </w>
      <w n="4-27">
        <text>de</text>
        <refs nrefs="5-17"/>
      </w>
      <w n="4-28">
        <text>Hárpago</text>
        <refs nrefs="5-17"/>
      </w>
      <w n="4-29">
        <text>.</text>
        <refs nrefs="5-18"/>
      </w>
      <w n="5-1">
        <text>De</text>
      </w>
      <w n="5-2">
        <text>repente</text>
      </w>
      <w n="5-3">
        <text>,</text>
      </w>
      <w n="5-4">
        <text>fui</text>
        <refs nrefs="6-6"/>
      </w>
      <w n="5-5">
        <text>informado</text>
        <refs nrefs="6-6"/>
      </w>
      <w n="5-6">
        <text>no</text>
        <refs nrefs="6-4"/>
      </w>
      <w n="5-7">
        <text>caminho</text>
        <refs nrefs="6-5"/>
      </w>
      <w n="5-8">
        <text>a</text>
      </w>
      <w n="5-9">
        <text>respeito</text>
      </w>
      <w n="5-10">
        <text>de</text>
      </w>
      <w n="5-11">
        <text>toda</text>
        <refs nrefs="6-8"/>
      </w>
      <w n="5-12">
        <text>a</text>
        <refs nrefs="6-7"/>
      </w>
      <w n="5-13">
        <text>história</text>
        <refs nrefs="6-9"/>
      </w>
      <w n="5-14">
        <text>por</text>
        <refs nrefs="6-10"/>
      </w>
      <w n="5-15">
        <text>um</text>
        <refs nrefs="6-10"/>
      </w>
      <w n="5-16">
        <text>servo</text>
        <refs nrefs="6-10"/>
      </w>
      <w n="5-17">
        <text>,</text>
        <refs nrefs="6-11"/>
      </w>
      <w n="5-18">
        <text>que</text>
        <refs nrefs="6-12"/>
      </w>
      <w n="5-19">
        <text>me</text>
        <refs nrefs="6-13"/>
      </w>
      <w n="5-20">
        <text>entregou</text>
        <refs nrefs="6-14"/>
      </w>
      <w n="5-21">
        <text>o</text>
        <refs nrefs="6-18"/>
      </w>
      <w n="5-22">
        <text>bebê</text>
        <refs nrefs="6-19"/>
      </w>
      <w n="5-23">
        <text>[</text>
      </w>
      <w n="5-24">
        <text>e</text>
      </w>
      <w n="5-25">
        <text>]</text>
      </w>
      <w n="5-26">
        <text>conduziu</text>
        <refs nrefs="6-17"/>
      </w>
      <w n="5-27">
        <text>para</text>
        <refs nrefs="6-15"/>
      </w>
      <w n="5-28">
        <text>fora</text>
        <refs nrefs="6-15"/>
      </w>
      <w n="5-29">
        <text>da</text>
        <refs nrefs="6-16"/>
      </w>
      <w n="5-30">
        <text>cidade</text>
        <refs nrefs="6-16"/>
      </w>
      <w n="5-31">
        <text>,</text>
        <refs nrefs="6-20"/>
      </w>
      <w n="5-32">
        <text>de</text>
        <refs nrefs="6-21"/>
      </w>
      <w n="5-33">
        <text>que</text>
        <refs nrefs="6-21"/>
      </w>
      <w n="5-34">
        <text>o</text>
        <refs nrefs="6-26"/>
      </w>
      <w n="5-35">
        <text>menino</text>
        <refs nrefs="6-26"/>
      </w>
      <w n="5-36">
        <text>era</text>
        <refs nrefs="6-25"/>
      </w>
      <w n="5-37">
        <text>de</text>
        <refs nrefs="6-23"/>
      </w>
      <w n="5-38">
        <text>Mandane</text>
        <refs nrefs="6-23"/>
      </w>
      <w n="5-39">
        <text>,</text>
      </w>
      <w n="5-40">
        <text>filha</text>
        <refs nrefs="6-29"/>
      </w>
      <w n="5-41">
        <text>de</text>
        <refs nrefs="6-27"/>
      </w>
      <w n="5-42">
        <text>Astíages</text>
        <refs nrefs="6-28"/>
      </w>
      <w n="5-43">
        <text>,</text>
      </w>
      <w n="5-44">
        <text>e</text>
        <refs nrefs="6-30"/>
      </w>
      <w n="5-45">
        <text>Cambises</text>
        <refs nrefs="6-31"/>
      </w>
      <w n="5-46">
        <text>,</text>
      </w>
      <w n="5-47">
        <text>filho</text>
        <refs nrefs="6-32"/>
      </w>
      <w n="5-48">
        <text>de</text>
        <refs nrefs="6-32"/>
      </w>
      <w n="5-49">
        <text>Ciro</text>
        <refs nrefs="6-33"/>
      </w>
      <w n="5-50">
        <text>,</text>
        <refs nrefs="6-34"/>
      </w>
      <w n="5-51">
        <text>e</text>
        <refs nrefs="6-35"/>
      </w>
      <w n="5-52">
        <text>que</text>
      </w>
      <w n="5-53">
        <text>Astíages</text>
        <refs nrefs="6-37"/>
      </w>
      <w n="5-54">
        <text>me</text>
        <refs nrefs="6-36"/>
      </w>
      <w n="5-55">
        <text>ordenou</text>
        <refs nrefs="6-38"/>
      </w>
      <w n="5-56">
        <text>matar</text>
        <refs nrefs="6-39"/>
      </w>
      <w n="5-57">
        <text>.</text>
        <refs nrefs="6-40"/>
      </w>
      <w n="6-1">
        <text>Agora</text>
        <refs nrefs="7-1"/>
      </w>
      <w n="6-2">
        <text>,</text>
      </w>
      <w n="6-3">
        <text>ele</text>
        <refs nrefs="7-4"/>
      </w>
      <w n="6-4">
        <text>está</text>
      </w>
      <w n="6-5">
        <text>[</text>
      </w>
      <w n="6-6">
        <text>aí</text>
      </w>
      <w n="6-7">
        <text>]</text>
      </w>
      <w n="6-8">
        <text>.</text>
        <refs nrefs="7-5"/>
      </w>
    </wds>
  </sentence>
</aligned-text>