<aligned-text xmlns="http://alpheios.net/namespaces/aligned-text">
  <language lnum="L1" xml:lang="grc" dir="ltr"/>
  <language lnum="L2" xml:lang="por" dir="ltr"/>
  <comment class="title">Her. 1.107</comment>
  <sentence id="1" document_id="">
    <wds lnum="L1">
      <comment class="uri"/>
      <w n="1-1">
        <text>μετὰ</text>
        <refs nrefs="1-1 1-2 1-3"/>
      </w>
      <w n="1-2">
        <text>δὲ</text>
      </w>
      <w n="1-3">
        <text>ταῦτα</text>
        <refs nrefs="1-1 1-2 1-3"/>
      </w>
      <w n="1-4">
        <text>Κυαξάρης</text>
        <refs nrefs="1-5"/>
      </w>
      <w n="1-5">
        <text>μέν</text>
      </w>
      <w n="1-6">
        <text>,</text>
      </w>
      <w n="1-7">
        <text>βασιλεύσας</text>
        <refs nrefs="1-8 1-9"/>
      </w>
      <w n="1-8">
        <text>τεσσεράκοντα</text>
        <refs nrefs="1-14"/>
      </w>
      <w n="1-9">
        <text>ἔτεα</text>
        <refs nrefs="1-15"/>
      </w>
      <w n="1-10">
        <text>σὺν</text>
        <refs nrefs="1-16 1-17 1-18"/>
      </w>
      <w n="1-11">
        <text>τοῖσι</text>
        <refs nrefs="1-19 1-20"/>
      </w>
      <w n="1-12">
        <text>Σκύθαι</text>
        <refs nrefs="1-21 1-22"/>
      </w>
      <w n="1-13">
        <text>ἦρξαν</text>
        <refs nrefs="1-23"/>
      </w>
      <w n="1-14">
        <text>,</text>
      </w>
      <w n="1-15">
        <text>τελευτᾷ</text>
        <refs nrefs="1-6"/>
      </w>
      <w n="1-16">
        <text>,</text>
      </w>
      <w n="1-17">
        <text>ἐκδέκεται</text>
        <refs nrefs="1-32"/>
      </w>
      <w n="1-18">
        <text>δὲ</text>
        <refs nrefs="1-25"/>
      </w>
      <w n="1-19">
        <text>Ἀστυάγης</text>
        <refs nrefs="1-26"/>
      </w>
      <w n="1-20">
        <text>Κυαξάρεω</text>
        <refs nrefs="1-29 1-30"/>
      </w>
      <w n="1-21">
        <text>παῖς</text>
        <refs nrefs="1-28"/>
      </w>
      <w n="1-22">
        <text>τὴν</text>
        <refs nrefs="1-33"/>
      </w>
      <w n="1-23">
        <text>βασιληίην</text>
        <refs nrefs="1-34"/>
      </w>
      <w n="1-24">
        <text>.</text>
        <refs nrefs="1-35"/>
      </w>
      <w n="2-1">
        <text>Καὶ</text>
        <refs nrefs="2-1"/>
      </w>
      <w n="2-2">
        <text>οἱ</text>
        <refs nrefs="2-2"/>
      </w>
      <w n="2-3">
        <text>ἐγένετο</text>
        <refs nrefs="2-3"/>
      </w>
      <w n="2-4">
        <text>θυγάτηρ</text>
        <refs nrefs="2-4 2-5"/>
      </w>
      <w n="2-5">
        <text>τῇ</text>
        <refs nrefs="2-6 2-7"/>
      </w>
      <w n="2-6">
        <text>οὔνομα</text>
        <refs nrefs="2-10 2-11"/>
      </w>
      <w n="2-7">
        <text>ἔθετο</text>
        <refs nrefs="2-8 2-9"/>
      </w>
      <w n="2-8">
        <text>Μανδάνην</text>
        <refs nrefs="2-12"/>
      </w>
      <w n="2-9">
        <text>:</text>
        <refs nrefs="2-13"/>
      </w>
      <w n="3-1">
        <text>τὴν</text>
      </w>
      <w n="3-2">
        <text>ἐδόκεε</text>
        <refs nrefs="3-2"/>
      </w>
      <w n="3-3">
        <text>Ἀστυάγης</text>
        <refs nrefs="3-1"/>
      </w>
      <w n="3-4">
        <text>ἐν</text>
        <refs nrefs="3-3"/>
      </w>
      <w n="3-5">
        <text>τῷ</text>
        <refs nrefs="3-4"/>
      </w>
      <w n="3-6">
        <text>ὕπνῳ</text>
        <refs nrefs="3-5"/>
      </w>
      <w n="3-7">
        <text>οὐρῆσαι</text>
        <refs nrefs="3-7 3-8"/>
      </w>
      <w n="3-8">
        <text>τοσοῦτον</text>
        <refs nrefs="3-9"/>
      </w>
      <w n="3-9">
        <text>ὥστε</text>
        <refs nrefs="3-10 3-11 3-12"/>
      </w>
      <w n="3-10">
        <text>πλῆσαι</text>
        <refs nrefs="3-13"/>
      </w>
      <w n="3-11">
        <text>μὲν</text>
      </w>
      <w n="3-12">
        <text>τὴν</text>
        <refs nrefs="3-14"/>
      </w>
      <w n="3-13">
        <text>ἑωυτοῦ</text>
        <refs nrefs="3-15 3-16"/>
      </w>
      <w n="3-14">
        <text>πόλιν</text>
        <refs nrefs="3-17"/>
      </w>
      <w n="3-15">
        <text>,</text>
        <refs nrefs="3-18"/>
      </w>
      <w n="3-16">
        <text>ἐπικατακλύσαι</text>
        <refs nrefs="3-21"/>
      </w>
      <w n="3-17">
        <text>δὲ</text>
        <refs nrefs="3-19 3-20"/>
      </w>
      <w n="3-18">
        <text>καὶ</text>
        <refs nrefs="3-19 3-20"/>
      </w>
      <w n="3-19">
        <text>τὴν</text>
        <refs nrefs="3-23"/>
      </w>
      <w n="3-20">
        <text>Ἀσίην</text>
        <refs nrefs="3-24"/>
      </w>
      <w n="3-21">
        <text>πᾶσαν</text>
        <refs nrefs="3-22"/>
      </w>
      <w n="3-22">
        <text>.</text>
        <refs nrefs="3-25"/>
      </w>
      <w n="4-1">
        <text>ὑπερθέμενος</text>
        <refs nrefs="4-1 4-2 4-3"/>
      </w>
      <w n="4-2">
        <text>δὲ</text>
      </w>
      <w n="4-3">
        <text>τῶν</text>
        <refs nrefs="4-8"/>
      </w>
      <w n="4-4">
        <text>Μάγων</text>
        <refs nrefs="4-9"/>
      </w>
      <w n="4-5">
        <text>τοῖσι</text>
      </w>
      <w n="4-6">
        <text>ὀνειροπόλοισι</text>
        <refs nrefs="4-7"/>
      </w>
      <w n="4-7">
        <text>τὸ</text>
        <refs nrefs="4-4"/>
      </w>
      <w n="4-8">
        <text>ἐνύπνιον</text>
        <refs nrefs="4-5"/>
      </w>
      <w n="4-9">
        <text>,</text>
      </w>
      <w n="4-10">
        <text>ἐφοβήθη</text>
        <refs nrefs="4-21 4-22"/>
      </w>
      <w n="4-11">
        <text>παρ᾽</text>
      </w>
      <w n="4-12">
        <text>αὐτῶν</text>
        <refs nrefs="4-13 4-14"/>
      </w>
      <w n="4-13">
        <text>αὐτὰ</text>
        <refs nrefs="4-18 4-19"/>
      </w>
      <w n="4-14">
        <text>ἕκαστα</text>
        <refs nrefs="4-16 4-17"/>
      </w>
      <w n="4-15">
        <text>μαθών</text>
        <refs nrefs="4-12"/>
      </w>
      <w n="4-16">
        <text>.</text>
      </w>
      <w n="5-1">
        <text>μετὰ</text>
        <refs nrefs="5-1"/>
      </w>
      <w n="5-2">
        <text>δὲ</text>
      </w>
      <w n="5-3">
        <text>τὴν</text>
        <refs nrefs="5-5"/>
      </w>
      <w n="5-4">
        <text>Μανδάνην</text>
        <refs nrefs="5-5"/>
      </w>
      <w n="5-5">
        <text>ταύτην</text>
      </w>
      <w n="5-6">
        <text>ἐοῦσαν</text>
        <refs nrefs="5-7"/>
      </w>
      <w n="5-7">
        <text>ἤδη</text>
        <refs nrefs="5-6"/>
      </w>
      <w n="5-8">
        <text>ἀνδρὸς</text>
      </w>
      <w n="5-9">
        <text>ὡραίην</text>
        <refs nrefs="5-8 5-9 5-10 5-11"/>
      </w>
      <w n="5-10">
        <text>Μήδων</text>
        <refs nrefs="5-29 5-30"/>
      </w>
      <w n="5-11">
        <text>μὲν</text>
      </w>
      <w n="5-12">
        <text>τῶν</text>
        <refs nrefs="5-28"/>
      </w>
      <w n="5-13">
        <text>ἑωυτοῦ</text>
      </w>
      <w n="5-14">
        <text>ἀξίων</text>
        <refs nrefs="5-26 5-27"/>
      </w>
      <w n="5-15">
        <text>οὐδενὶ</text>
        <refs nrefs="5-25"/>
      </w>
      <w n="5-16">
        <text>διδοῖ</text>
        <refs nrefs="5-20"/>
      </w>
      <w n="5-17">
        <text>γυναῖκα</text>
        <refs nrefs="5-21 5-22"/>
      </w>
      <w n="5-18">
        <text>,</text>
      </w>
      <w n="5-19">
        <text>δεδοικὼς</text>
        <refs nrefs="5-32"/>
      </w>
      <w n="5-20">
        <text>τὴν</text>
        <refs nrefs="5-33"/>
      </w>
      <w n="5-21">
        <text>ὄψιν</text>
        <refs nrefs="5-34"/>
      </w>
      <w n="5-22">
        <text>:</text>
      </w>
      <w n="6-1">
        <text>ὁ</text>
        <refs nrefs="6-2"/>
      </w>
      <w n="6-2">
        <text>δὲ</text>
        <refs nrefs="6-1"/>
      </w>
      <w n="6-3">
        <text>Πέρσῃ</text>
        <refs nrefs="6-7"/>
      </w>
      <w n="6-4">
        <text>διδοῖ</text>
        <refs nrefs="6-4"/>
      </w>
      <w n="6-5">
        <text>τῷ</text>
        <refs nrefs="6-9"/>
      </w>
      <w n="6-6">
        <text>οὔνομα</text>
        <refs nrefs="6-11"/>
      </w>
      <w n="6-7">
        <text>ἦν</text>
        <refs nrefs="6-10"/>
      </w>
      <w n="6-8">
        <text>Καμβύσης</text>
        <refs nrefs="6-12"/>
      </w>
      <w n="6-9">
        <text>,</text>
      </w>
      <w n="6-10">
        <text>τὸν</text>
      </w>
      <w n="6-11">
        <text>εὕρισκε</text>
        <refs nrefs="6-14"/>
      </w>
      <w n="6-12">
        <text>οἰκίης</text>
        <refs nrefs="6-18"/>
      </w>
      <w n="6-13">
        <text>μὲν</text>
      </w>
      <w n="6-14">
        <text>ἐόντα</text>
        <refs nrefs="6-15"/>
      </w>
      <w n="6-15">
        <text>ἀγαθῆς</text>
        <refs nrefs="6-17"/>
      </w>
      <w n="6-16">
        <text>τρόπου</text>
        <refs nrefs="6-21"/>
      </w>
      <w n="6-17">
        <text>δὲ</text>
      </w>
      <w n="6-18">
        <text>ἡσυχίου</text>
        <refs nrefs="6-22"/>
      </w>
      <w n="6-19">
        <text>,</text>
      </w>
      <w n="6-20">
        <text>πολλῷ</text>
        <refs nrefs="6-27"/>
      </w>
      <w n="6-21">
        <text>ἔνερθε</text>
        <refs nrefs="6-28"/>
      </w>
      <w n="6-22">
        <text>ἄγων</text>
        <refs nrefs="6-26"/>
      </w>
      <w n="6-23">
        <text>αὐτὸν</text>
        <refs nrefs="6-25"/>
      </w>
      <w n="6-24">
        <text>μέσου</text>
        <refs nrefs="6-33 6-34"/>
      </w>
      <w n="6-25">
        <text>ἀνδρὸς</text>
      </w>
      <w n="6-26">
        <text>Μήδου</text>
        <refs nrefs="6-29 6-30 6-31"/>
      </w>
      <w n="6-27">
        <text>.</text>
        <refs nrefs="6-35"/>
      </w>
    </wds>
    <wds lnum="L2">
      <comment class="uri"/>
      <w n="1-1">
        <text>Depois</text>
        <refs nrefs="1-1 1-3"/>
      </w>
      <w n="1-2">
        <text>dessas</text>
        <refs nrefs="1-1 1-3"/>
      </w>
      <w n="1-3">
        <text>coisas</text>
        <refs nrefs="1-1 1-3"/>
      </w>
      <w n="1-4">
        <text>,</text>
      </w>
      <w n="1-5">
        <text>Ciaxares</text>
        <refs nrefs="1-4"/>
      </w>
      <w n="1-6">
        <text>morreu</text>
        <refs nrefs="1-15"/>
      </w>
      <w n="1-7">
        <text>,</text>
      </w>
      <w n="1-8">
        <text>tendo</text>
        <refs nrefs="1-7"/>
      </w>
      <w n="1-9">
        <text>reinado</text>
        <refs nrefs="1-7"/>
      </w>
      <w n="1-10">
        <text>[</text>
      </w>
      <w n="1-11">
        <text>ao</text>
      </w>
      <w n="1-12">
        <text>todo</text>
      </w>
      <w n="1-13">
        <text>]</text>
      </w>
      <w n="1-14">
        <text>quarenta</text>
        <refs nrefs="1-8"/>
      </w>
      <w n="1-15">
        <text>anos</text>
        <refs nrefs="1-9"/>
      </w>
      <w n="1-16">
        <text>[</text>
        <refs nrefs="1-10"/>
      </w>
      <w n="1-17">
        <text>considerando</text>
        <refs nrefs="1-10"/>
      </w>
      <w n="1-18">
        <text>]</text>
        <refs nrefs="1-10"/>
      </w>
      <w n="1-19">
        <text>os</text>
        <refs nrefs="1-11"/>
      </w>
      <w n="1-20">
        <text>que</text>
        <refs nrefs="1-11"/>
      </w>
      <w n="1-21">
        <text>os</text>
        <refs nrefs="1-12"/>
      </w>
      <w n="1-22">
        <text>citas</text>
        <refs nrefs="1-12"/>
      </w>
      <w n="1-23">
        <text>dominaram</text>
        <refs nrefs="1-13"/>
      </w>
      <w n="1-24">
        <text>,</text>
      </w>
      <w n="1-25">
        <text>e</text>
        <refs nrefs="1-18"/>
      </w>
      <w n="1-26">
        <text>Astíages</text>
        <refs nrefs="1-19"/>
      </w>
      <w n="1-27">
        <text>,</text>
      </w>
      <w n="1-28">
        <text>filho</text>
        <refs nrefs="1-21"/>
      </w>
      <w n="1-29">
        <text>de</text>
        <refs nrefs="1-20"/>
      </w>
      <w n="1-30">
        <text>Ciaxares</text>
        <refs nrefs="1-20"/>
      </w>
      <w n="1-31">
        <text>,</text>
      </w>
      <w n="1-32">
        <text>recebeu</text>
        <refs nrefs="1-17"/>
      </w>
      <w n="1-33">
        <text>o</text>
        <refs nrefs="1-22"/>
      </w>
      <w n="1-34">
        <text>reino</text>
        <refs nrefs="1-23"/>
      </w>
      <w n="1-35">
        <text>.</text>
        <refs nrefs="1-24"/>
      </w>
      <w n="2-1">
        <text>E</text>
        <refs nrefs="2-1"/>
      </w>
      <w n="2-2">
        <text>este</text>
        <refs nrefs="2-2"/>
      </w>
      <w n="2-3">
        <text>teve</text>
        <refs nrefs="2-3"/>
      </w>
      <w n="2-4">
        <text>uma</text>
        <refs nrefs="2-4"/>
      </w>
      <w n="2-5">
        <text>filha</text>
        <refs nrefs="2-4"/>
      </w>
      <w n="2-6">
        <text>a</text>
        <refs nrefs="2-5"/>
      </w>
      <w n="2-7">
        <text>quem</text>
        <refs nrefs="2-5"/>
      </w>
      <w n="2-8">
        <text>foi</text>
        <refs nrefs="2-7"/>
      </w>
      <w n="2-9">
        <text>dado</text>
        <refs nrefs="2-7"/>
      </w>
      <w n="2-10">
        <text>o</text>
        <refs nrefs="2-6"/>
      </w>
      <w n="2-11">
        <text>nome</text>
        <refs nrefs="2-6"/>
      </w>
      <w n="2-12">
        <text>Mandane</text>
        <refs nrefs="2-8"/>
      </w>
      <w n="2-13">
        <text>.</text>
        <refs nrefs="2-9"/>
      </w>
      <w n="3-1">
        <text>Astíages</text>
        <refs nrefs="3-3"/>
      </w>
      <w n="3-2">
        <text>viu</text>
        <refs nrefs="3-2"/>
      </w>
      <w n="3-3">
        <text>durante</text>
        <refs nrefs="3-4"/>
      </w>
      <w n="3-4">
        <text>o</text>
        <refs nrefs="3-5"/>
      </w>
      <w n="3-5">
        <text>sono</text>
        <refs nrefs="3-6"/>
      </w>
      <w n="3-6">
        <text>que</text>
      </w>
      <w n="3-7">
        <text>ela</text>
        <refs nrefs="3-7"/>
      </w>
      <w n="3-8">
        <text>urinava</text>
        <refs nrefs="3-7"/>
      </w>
      <w n="3-9">
        <text>tanto</text>
        <refs nrefs="3-8"/>
      </w>
      <w n="3-10">
        <text>a</text>
        <refs nrefs="3-9"/>
      </w>
      <w n="3-11">
        <text>ponto</text>
        <refs nrefs="3-9"/>
      </w>
      <w n="3-12">
        <text>de</text>
        <refs nrefs="3-9"/>
      </w>
      <w n="3-13">
        <text>encher</text>
        <refs nrefs="3-10"/>
      </w>
      <w n="3-14">
        <text>a</text>
        <refs nrefs="3-12"/>
      </w>
      <w n="3-15">
        <text>sua</text>
        <refs nrefs="3-13"/>
      </w>
      <w n="3-16">
        <text>própria</text>
        <refs nrefs="3-13"/>
      </w>
      <w n="3-17">
        <text>cidade</text>
        <refs nrefs="3-14"/>
      </w>
      <w n="3-18">
        <text>,</text>
        <refs nrefs="3-15"/>
      </w>
      <w n="3-19">
        <text>e</text>
        <refs nrefs="3-17 3-18"/>
      </w>
      <w n="3-20">
        <text>também</text>
        <refs nrefs="3-17 3-18"/>
      </w>
      <w n="3-21">
        <text>inundar</text>
        <refs nrefs="3-16"/>
      </w>
      <w n="3-22">
        <text>toda</text>
        <refs nrefs="3-21"/>
      </w>
      <w n="3-23">
        <text>a</text>
        <refs nrefs="3-19"/>
      </w>
      <w n="3-24">
        <text>Ásia</text>
        <refs nrefs="3-20"/>
      </w>
      <w n="3-25">
        <text>.</text>
        <refs nrefs="3-22"/>
      </w>
      <w n="4-1">
        <text>Depois</text>
        <refs nrefs="4-1"/>
      </w>
      <w n="4-2">
        <text>de</text>
        <refs nrefs="4-1"/>
      </w>
      <w n="4-3">
        <text>confiar</text>
        <refs nrefs="4-1"/>
      </w>
      <w n="4-4">
        <text>o</text>
        <refs nrefs="4-7"/>
      </w>
      <w n="4-5">
        <text>sonho</text>
        <refs nrefs="4-8"/>
      </w>
      <w n="4-6">
        <text>a</text>
      </w>
      <w n="4-7">
        <text>intérpretes</text>
        <refs nrefs="4-6"/>
      </w>
      <w n="4-8">
        <text>dos</text>
        <refs nrefs="4-3"/>
      </w>
      <w n="4-9">
        <text>Magos</text>
        <refs nrefs="4-4"/>
      </w>
      <w n="4-10">
        <text>e</text>
      </w>
      <w n="4-11">
        <text>ser</text>
      </w>
      <w n="4-12">
        <text>informado</text>
        <refs nrefs="4-15"/>
      </w>
      <w n="4-13">
        <text>por</text>
        <refs nrefs="4-12"/>
      </w>
      <w n="4-14">
        <text>eles</text>
        <refs nrefs="4-12"/>
      </w>
      <w n="4-15">
        <text>sobre</text>
      </w>
      <w n="4-16">
        <text>cada</text>
        <refs nrefs="4-14"/>
      </w>
      <w n="4-17">
        <text>uma</text>
        <refs nrefs="4-14"/>
      </w>
      <w n="4-18">
        <text>dessas</text>
        <refs nrefs="4-13"/>
      </w>
      <w n="4-19">
        <text>coisas</text>
        <refs nrefs="4-13"/>
      </w>
      <w n="4-20">
        <text>,</text>
      </w>
      <w n="4-21">
        <text>ficou</text>
        <refs nrefs="4-10"/>
      </w>
      <w n="4-22">
        <text>assustado</text>
        <refs nrefs="4-10"/>
      </w>
      <w n="4-23">
        <text>.</text>
      </w>
      <w n="5-1">
        <text>Quando</text>
        <refs nrefs="5-1"/>
      </w>
      <w n="5-2">
        <text>,</text>
      </w>
      <w n="5-3">
        <text>então</text>
      </w>
      <w n="5-4">
        <text>,</text>
      </w>
      <w n="5-5">
        <text>Mandane</text>
        <refs nrefs="5-3 5-4"/>
      </w>
      <w n="5-6">
        <text>já</text>
        <refs nrefs="5-7"/>
      </w>
      <w n="5-7">
        <text>estava</text>
        <refs nrefs="5-6"/>
      </w>
      <w n="5-8">
        <text>apta</text>
        <refs nrefs="5-9"/>
      </w>
      <w n="5-9">
        <text>para</text>
        <refs nrefs="5-9"/>
      </w>
      <w n="5-10">
        <text>se</text>
        <refs nrefs="5-9"/>
      </w>
      <w n="5-11">
        <text>casar</text>
        <refs nrefs="5-9"/>
      </w>
      <w n="5-12">
        <text>,</text>
      </w>
      <w n="5-13">
        <text>ele</text>
      </w>
      <w n="5-14">
        <text>(</text>
      </w>
      <w n="5-15">
        <text>seu</text>
      </w>
      <w n="5-16">
        <text>pai</text>
      </w>
      <w n="5-17">
        <text>)</text>
      </w>
      <w n="5-18">
        <text>não</text>
      </w>
      <w n="5-19">
        <text>a</text>
      </w>
      <w n="5-20">
        <text>deu</text>
        <refs nrefs="5-16"/>
      </w>
      <w n="5-21">
        <text>como</text>
        <refs nrefs="5-17"/>
      </w>
      <w n="5-22">
        <text>esposa</text>
        <refs nrefs="5-17"/>
      </w>
      <w n="5-23">
        <text>de</text>
      </w>
      <w n="5-24">
        <text>homem</text>
      </w>
      <w n="5-25">
        <text>nenhum</text>
        <refs nrefs="5-15"/>
      </w>
      <w n="5-26">
        <text>dos</text>
        <refs nrefs="5-14"/>
      </w>
      <w n="5-27">
        <text>valorosos</text>
        <refs nrefs="5-14"/>
      </w>
      <w n="5-28">
        <text>entre</text>
        <refs nrefs="5-12"/>
      </w>
      <w n="5-29">
        <text>os</text>
        <refs nrefs="5-10"/>
      </w>
      <w n="5-30">
        <text>medos</text>
        <refs nrefs="5-10"/>
      </w>
      <w n="5-31">
        <text>,</text>
      </w>
      <w n="5-32">
        <text>temendo</text>
        <refs nrefs="5-19"/>
      </w>
      <w n="5-33">
        <text>a</text>
        <refs nrefs="5-20"/>
      </w>
      <w n="5-34">
        <text>visão</text>
        <refs nrefs="5-21"/>
      </w>
      <w n="5-35">
        <text>;</text>
      </w>
      <w n="6-1">
        <text>mas</text>
        <refs nrefs="6-2"/>
      </w>
      <w n="6-2">
        <text>ele</text>
        <refs nrefs="6-1"/>
      </w>
      <w n="6-3">
        <text>a</text>
      </w>
      <w n="6-4">
        <text>concedeu</text>
        <refs nrefs="6-4"/>
      </w>
      <w n="6-5">
        <text>a</text>
      </w>
      <w n="6-6">
        <text>um</text>
      </w>
      <w n="6-7">
        <text>persa</text>
        <refs nrefs="6-3"/>
      </w>
      <w n="6-8">
        <text>,</text>
      </w>
      <w n="6-9">
        <text>que</text>
        <refs nrefs="6-5"/>
      </w>
      <w n="6-10">
        <text>era</text>
        <refs nrefs="6-7"/>
      </w>
      <w n="6-11">
        <text>chamado</text>
        <refs nrefs="6-6"/>
      </w>
      <w n="6-12">
        <text>Cambises</text>
        <refs nrefs="6-8"/>
      </w>
      <w n="6-13">
        <text>e</text>
      </w>
      <w n="6-14">
        <text>descobriu</text>
        <refs nrefs="6-11"/>
      </w>
      <w n="6-15">
        <text>ser</text>
        <refs nrefs="6-14"/>
      </w>
      <w n="6-16">
        <text>de</text>
      </w>
      <w n="6-17">
        <text>boa</text>
        <refs nrefs="6-15"/>
      </w>
      <w n="6-18">
        <text>família</text>
        <refs nrefs="6-12"/>
      </w>
      <w n="6-19">
        <text>e</text>
      </w>
      <w n="6-20">
        <text>de</text>
      </w>
      <w n="6-21">
        <text>ânimo</text>
        <refs nrefs="6-16"/>
      </w>
      <w n="6-22">
        <text>tranquilo</text>
        <refs nrefs="6-18"/>
      </w>
      <w n="6-23">
        <text>,</text>
      </w>
      <w n="6-24">
        <text>embora</text>
      </w>
      <w n="6-25">
        <text>o</text>
        <refs nrefs="6-23"/>
      </w>
      <w n="6-26">
        <text>julgasse</text>
        <refs nrefs="6-22"/>
      </w>
      <w n="6-27">
        <text>muito</text>
        <refs nrefs="6-20"/>
      </w>
      <w n="6-28">
        <text>abaixo</text>
        <refs nrefs="6-21"/>
      </w>
      <w n="6-29">
        <text>de</text>
        <refs nrefs="6-26"/>
      </w>
      <w n="6-30">
        <text>um</text>
        <refs nrefs="6-26"/>
      </w>
      <w n="6-31">
        <text>medo</text>
        <refs nrefs="6-26"/>
      </w>
      <w n="6-32">
        <text>de</text>
      </w>
      <w n="6-33">
        <text>média</text>
        <refs nrefs="6-24"/>
      </w>
      <w n="6-34">
        <text>classe</text>
        <refs nrefs="6-24"/>
      </w>
      <w n="6-35">
        <text>.</text>
        <refs nrefs="6-27"/>
      </w>
    </wds>
  </sentence>
</aligned-text>