<aligned-text xmlns="http://alpheios.net/namespaces/aligned-text">
  <language lnum="L1" xml:lang="grc" dir="ltr"/>
  <language lnum="L2" xml:lang="por" dir="ltr"/>
  <comment class="title">Herodoto 1.30.1-2</comment>
  <sentence id="1" document_id="urn:cts:greekLit:tlg0016.tlg001.perseus-eng2:1.30.1-1.30.1">
    <wds lnum="L1">
      <comment class="uri">urn:cts:greekLit:tlg0016.tlg001.perseus-eng2:1.30.1-1.30.1</comment>
      <w n="1-1">
        <text>αὐτῶν</text>
        <refs nrefs="1-5"/>
      </w>
      <w n="1-2">
        <text>δὴ</text>
      </w>
      <w n="1-3">
        <text>ὦν</text>
      </w>
      <w n="1-4">
        <text>τούτων</text>
      </w>
      <w n="1-5">
        <text>καὶ</text>
        <refs nrefs="1-6"/>
      </w>
      <w n="1-6">
        <text>τῆς</text>
        <refs nrefs="1-8 1-9 1-10"/>
      </w>
      <w n="1-7">
        <text>θεωρίης</text>
        <refs nrefs="1-8 1-9 1-10"/>
      </w>
      <w n="1-8">
        <text>ἐκδημήσας</text>
        <refs nrefs="1-1 1-2"/>
      </w>
      <w n="1-9">
        <text>ὁ</text>
        <refs nrefs="1-13"/>
      </w>
      <w n="1-10">
        <text>Σόλων</text>
        <refs nrefs="1-13"/>
      </w>
      <w n="1-11">
        <text>εἵνεκεν</text>
        <refs nrefs="1-3 1-4"/>
      </w>
      <w n="1-12">
        <text>ἐς</text>
        <refs nrefs="1-14"/>
      </w>
      <w n="1-13">
        <text>Αἴγυπτον</text>
        <refs nrefs="1-15 1-16"/>
      </w>
      <w n="1-14">
        <text>ἀπίκετο</text>
        <refs nrefs="1-12"/>
      </w>
      <w n="1-15">
        <text>παρὰ</text>
        <refs nrefs="1-18 1-19"/>
      </w>
      <w n="1-16">
        <text>Ἄμασιν</text>
        <refs nrefs="1-20"/>
      </w>
      <w n="1-17">
        <text>καὶ</text>
        <refs nrefs="1-22"/>
      </w>
      <w n="1-18">
        <text>δὴ</text>
      </w>
      <w n="1-19">
        <text>καὶ</text>
        <refs nrefs="1-23"/>
      </w>
      <w n="1-20">
        <text>ἐς</text>
        <refs nrefs="1-24"/>
      </w>
      <w n="1-21">
        <text>Σάρδις</text>
        <refs nrefs="1-25"/>
      </w>
      <w n="1-22">
        <text>παρὰ</text>
        <refs nrefs="1-27 1-28"/>
      </w>
      <w n="1-23">
        <text>Κροῖσον</text>
        <refs nrefs="1-29"/>
      </w>
      <w n="1-24">
        <text>.</text>
      </w>
      <w n="2-1">
        <text>ἀπικόμενος</text>
        <refs nrefs="2-1 2-2"/>
      </w>
      <w n="2-2">
        <text>δὲ</text>
      </w>
      <w n="2-3">
        <text>ἐξεινίζετο</text>
        <refs nrefs="2-4 2-5"/>
      </w>
      <w n="2-4">
        <text>ἐν</text>
        <refs nrefs="2-6"/>
      </w>
      <w n="2-5">
        <text>τοῖσι</text>
      </w>
      <w n="2-6">
        <text>βασιληίοισι</text>
        <refs nrefs="2-7"/>
      </w>
      <w n="2-7">
        <text>ὑπὸ</text>
        <refs nrefs="2-8"/>
      </w>
      <w n="2-8">
        <text>τοῦ</text>
        <refs nrefs="2-9"/>
      </w>
      <w n="2-9">
        <text>Κροίσου</text>
        <refs nrefs="2-9"/>
      </w>
      <w n="2-10">
        <text>:</text>
      </w>
      <w n="3-1">
        <text>μετὰ</text>
      </w>
      <w n="3-2">
        <text>δὲ</text>
      </w>
      <w n="3-3">
        <text>ἡμέρῃ</text>
        <refs nrefs="3-6"/>
      </w>
      <w n="3-4">
        <text>τρίτῃ</text>
        <refs nrefs="3-3"/>
      </w>
      <w n="3-5">
        <text>ἢ</text>
        <refs nrefs="3-4"/>
      </w>
      <w n="3-6">
        <text>τετάρτῃ</text>
        <refs nrefs="3-5"/>
      </w>
      <w n="3-7">
        <text>κελεύσαντος</text>
        <refs nrefs="3-8 3-9"/>
      </w>
      <w n="3-8">
        <text>Κροίσου</text>
        <refs nrefs="3-10"/>
      </w>
      <w n="3-9">
        <text>τὸν</text>
        <refs nrefs="3-15"/>
      </w>
      <w n="3-10">
        <text>Σόλωνα</text>
        <refs nrefs="3-15"/>
      </w>
      <w n="3-11">
        <text>θεράποντες</text>
        <refs nrefs="3-13"/>
      </w>
      <w n="3-12">
        <text>περιῆγον</text>
        <refs nrefs="3-14"/>
      </w>
      <w n="3-13">
        <text>κατὰ</text>
      </w>
      <w n="3-14">
        <text>τοὺς</text>
        <refs nrefs="3-16"/>
      </w>
      <w n="3-15">
        <text>θησαυρούς</text>
        <refs nrefs="3-17"/>
      </w>
      <w n="3-16">
        <text>,</text>
      </w>
      <w n="3-17">
        <text>καὶ</text>
        <refs nrefs="3-18"/>
      </w>
      <w n="3-18">
        <text>ἐπεδείκνυσαν</text>
        <refs nrefs="3-19"/>
      </w>
      <w n="3-19">
        <text>πάντα</text>
        <refs nrefs="3-20 3-21 3-22"/>
      </w>
      <w n="3-20">
        <text>ἐόντα</text>
        <refs nrefs="3-23 3-24"/>
      </w>
      <w n="3-21">
        <text>μεγάλα</text>
        <refs nrefs="3-25"/>
      </w>
      <w n="3-22">
        <text>τε</text>
        <refs nrefs="3-26"/>
      </w>
      <w n="3-23">
        <text>καὶ</text>
        <refs nrefs="3-26"/>
      </w>
      <w n="3-24">
        <text>ὄλβια</text>
        <refs nrefs="3-27"/>
      </w>
      <w n="3-25">
        <text>.</text>
      </w>
      <w n="4-1">
        <text>θεησάμενον</text>
        <refs nrefs="4-1 4-2"/>
      </w>
      <w n="4-2">
        <text>δέ</text>
      </w>
      <w n="4-3">
        <text>μιν</text>
      </w>
      <w n="4-4">
        <text>τὰ</text>
      </w>
      <w n="4-5">
        <text>πάντα</text>
        <refs nrefs="4-3 4-4 4-5"/>
      </w>
      <w n="4-6">
        <text>καὶ</text>
        <refs nrefs="4-6"/>
      </w>
      <w n="4-7">
        <text>σκεψάμενον</text>
        <refs nrefs="4-8"/>
      </w>
      <w n="4-8">
        <text>ὥς</text>
        <refs nrefs="4-12"/>
      </w>
      <w n="4-9">
        <text>οἱ</text>
        <refs nrefs="4-13 4-14"/>
      </w>
      <w n="4-10">
        <text>κατὰ</text>
        <refs nrefs="4-13 4-14"/>
      </w>
      <w n="4-11">
        <text>καιρὸν</text>
        <refs nrefs="4-13 4-14"/>
      </w>
      <w n="4-12">
        <text>ἦν</text>
        <refs nrefs="4-13 4-14"/>
      </w>
      <w n="4-13">
        <text>,</text>
      </w>
      <w n="4-14">
        <text>εἴρετο</text>
        <refs nrefs="4-16"/>
      </w>
      <w n="4-15">
        <text>ὁ</text>
        <refs nrefs="4-10"/>
      </w>
      <w n="4-16">
        <text>Κροῖσος</text>
        <refs nrefs="4-10"/>
      </w>
      <w n="4-17">
        <text>τάδε</text>
        <refs nrefs="4-17"/>
      </w>
      <w n="4-18">
        <text>.</text>
      </w>
      <w n="5-1">
        <text>‘ξεῖνε</text>
        <refs nrefs="5-1"/>
      </w>
      <w n="5-2">
        <text>Ἀθηναῖε</text>
        <refs nrefs="5-2"/>
      </w>
      <w n="5-3">
        <text>,</text>
      </w>
      <w n="5-4">
        <text>παρ᾽</text>
        <refs nrefs="5-4"/>
      </w>
      <w n="5-5">
        <text>ἡμέας</text>
        <refs nrefs="5-5 5-6"/>
      </w>
      <w n="5-6">
        <text>γὰρ</text>
        <refs nrefs="5-8"/>
      </w>
      <w n="5-7">
        <text>περὶ</text>
        <refs nrefs="5-14 5-15"/>
      </w>
      <w n="5-8">
        <text>σέο</text>
        <refs nrefs="5-16 5-17"/>
      </w>
      <w n="5-9">
        <text>λόγος</text>
        <refs nrefs="5-11 5-13"/>
      </w>
      <w n="5-10">
        <text>ἀπῖκται</text>
        <refs nrefs="5-10"/>
      </w>
      <w n="5-11">
        <text>πολλὸς</text>
        <refs nrefs="5-12"/>
      </w>
      <w n="5-12">
        <text>καὶ</text>
      </w>
      <w n="5-13">
        <text>σοφίης</text>
        <refs nrefs="5-20 5-21"/>
      </w>
      <w n="5-14">
        <text>εἵνεκεν</text>
        <refs nrefs="5-18 5-19"/>
      </w>
      <w n="5-15">
        <text>τῆς</text>
        <refs nrefs="5-23"/>
      </w>
      <w n="5-16">
        <text>σῆς</text>
        <refs nrefs="5-24"/>
      </w>
      <w n="5-17">
        <text>καὶ</text>
      </w>
      <w n="5-18">
        <text>πλάνης</text>
        <refs nrefs="5-25"/>
      </w>
      <w n="5-19">
        <text>,</text>
      </w>
      <w n="5-20">
        <text>ὡς</text>
      </w>
      <w n="5-21">
        <text>φιλοσοφέων</text>
        <refs nrefs="5-28 5-29 5-30 5-31"/>
      </w>
      <w n="5-22">
        <text>γῆν</text>
        <refs nrefs="5-35 5-36"/>
      </w>
      <w n="5-23">
        <text>πολλὴν</text>
        <refs nrefs="5-34"/>
      </w>
      <w n="5-24">
        <text>θεωρίης</text>
        <refs nrefs="5-38 5-40"/>
      </w>
      <w n="5-25">
        <text>εἵνεκεν</text>
        <refs nrefs="5-37"/>
      </w>
      <w n="5-26">
        <text>ἐπελήλυθας</text>
        <refs nrefs="5-33"/>
      </w>
      <w n="5-27">
        <text>:</text>
      </w>
      <w n="6-1">
        <text>νῦν</text>
        <refs nrefs="6-1"/>
      </w>
      <w n="6-2">
        <text>ὦν</text>
      </w>
      <w n="6-3">
        <text>ἐπειρέσθαι</text>
        <refs nrefs="6-9"/>
      </w>
      <w n="6-4">
        <text>με</text>
        <refs nrefs="6-3 6-5"/>
      </w>
      <w n="6-5">
        <text>ἵμερος</text>
        <refs nrefs="6-6 6-7"/>
      </w>
      <w n="6-6">
        <text>ἐπῆλθέ</text>
        <refs nrefs="6-3 6-5"/>
      </w>
      <w n="6-7">
        <text>σε</text>
        <refs nrefs="6-10 6-11"/>
      </w>
      <w n="6-8">
        <text>εἴ</text>
        <refs nrefs="6-12"/>
      </w>
      <w n="6-9">
        <text>τινα</text>
        <refs nrefs="6-16"/>
      </w>
      <w n="6-10">
        <text>ἤδη</text>
        <refs nrefs="6-13"/>
      </w>
      <w n="6-11">
        <text>πάντων</text>
        <refs nrefs="6-21 6-22"/>
      </w>
      <w n="6-12">
        <text>εἶδες</text>
        <refs nrefs="6-14 6-15"/>
      </w>
      <w n="6-13">
        <text>ὀλβιώτατον</text>
        <refs nrefs="6-18 6-19 6-20"/>
      </w>
      <w n="6-14">
        <text>.</text>
      </w>
      <w n="7-1">
        <text>’</text>
      </w>
    </wds>
    <wds lnum="L2">
      <comment class="uri"/>
      <w n="1-1">
        <text>Tendo</text>
        <refs nrefs="1-8"/>
      </w>
      <w n="1-2">
        <text>viajado</text>
        <refs nrefs="1-8"/>
      </w>
      <w n="1-3">
        <text>por</text>
        <refs nrefs="1-11"/>
      </w>
      <w n="1-4">
        <text>causa</text>
        <refs nrefs="1-11"/>
      </w>
      <w n="1-5">
        <text>deles</text>
        <refs nrefs="1-1"/>
      </w>
      <w n="1-6">
        <text>e</text>
        <refs nrefs="1-5"/>
      </w>
      <w n="1-7">
        <text>para</text>
      </w>
      <w n="1-8">
        <text>ver</text>
        <refs nrefs="1-6 1-7"/>
      </w>
      <w n="1-9">
        <text>o</text>
        <refs nrefs="1-6 1-7"/>
      </w>
      <w n="1-10">
        <text>mundo</text>
        <refs nrefs="1-6 1-7"/>
      </w>
      <w n="1-11">
        <text>,</text>
      </w>
      <w n="1-12">
        <text>veio</text>
        <refs nrefs="1-14"/>
      </w>
      <w n="1-13">
        <text>Sólon</text>
        <refs nrefs="1-9 1-10"/>
      </w>
      <w n="1-14">
        <text>para</text>
        <refs nrefs="1-12"/>
      </w>
      <w n="1-15">
        <text>o</text>
        <refs nrefs="1-13"/>
      </w>
      <w n="1-16">
        <text>Egito</text>
        <refs nrefs="1-13"/>
      </w>
      <w n="1-17">
        <text>,</text>
      </w>
      <w n="1-18">
        <text>junto</text>
        <refs nrefs="1-15"/>
      </w>
      <w n="1-19">
        <text>de</text>
        <refs nrefs="1-15"/>
      </w>
      <w n="1-20">
        <text>Amasis</text>
        <refs nrefs="1-16"/>
      </w>
      <w n="1-21">
        <text>,</text>
      </w>
      <w n="1-22">
        <text>e</text>
        <refs nrefs="1-17"/>
      </w>
      <w n="1-23">
        <text>também</text>
        <refs nrefs="1-19"/>
      </w>
      <w n="1-24">
        <text>para</text>
        <refs nrefs="1-20"/>
      </w>
      <w n="1-25">
        <text>Sardes</text>
        <refs nrefs="1-21"/>
      </w>
      <w n="1-26">
        <text>,</text>
      </w>
      <w n="1-27">
        <text>junto</text>
        <refs nrefs="1-22"/>
      </w>
      <w n="1-28">
        <text>de</text>
        <refs nrefs="1-22"/>
      </w>
      <w n="1-29">
        <text>Creso</text>
        <refs nrefs="1-23"/>
      </w>
      <w n="1-30">
        <text>.</text>
      </w>
      <w n="2-1">
        <text>Tendo</text>
        <refs nrefs="2-1"/>
      </w>
      <w n="2-2">
        <text>chegado</text>
        <refs nrefs="2-1"/>
      </w>
      <w n="2-3">
        <text>,</text>
      </w>
      <w n="2-4">
        <text>foi</text>
        <refs nrefs="2-3"/>
      </w>
      <w n="2-5">
        <text>entretido</text>
        <refs nrefs="2-3"/>
      </w>
      <w n="2-6">
        <text>no</text>
        <refs nrefs="2-4"/>
      </w>
      <w n="2-7">
        <text>Palácio</text>
        <refs nrefs="2-6"/>
      </w>
      <w n="2-8">
        <text>por</text>
        <refs nrefs="2-7"/>
      </w>
      <w n="2-9">
        <text>Creso</text>
        <refs nrefs="2-8 2-9"/>
      </w>
      <w n="2-10">
        <text>.</text>
      </w>
      <w n="3-1">
        <text>E</text>
      </w>
      <w n="3-2">
        <text>ao</text>
      </w>
      <w n="3-3">
        <text>terceiro</text>
        <refs nrefs="3-4"/>
      </w>
      <w n="3-4">
        <text>ou</text>
        <refs nrefs="3-5"/>
      </w>
      <w n="3-5">
        <text>quarto</text>
        <refs nrefs="3-6"/>
      </w>
      <w n="3-6">
        <text>dia</text>
        <refs nrefs="3-3"/>
      </w>
      <w n="3-7">
        <text>,</text>
      </w>
      <w n="3-8">
        <text>tendo</text>
        <refs nrefs="3-7"/>
      </w>
      <w n="3-9">
        <text>ordenado</text>
        <refs nrefs="3-7"/>
      </w>
      <w n="3-10">
        <text>Creso</text>
        <refs nrefs="3-8"/>
      </w>
      <w n="3-11">
        <text>,</text>
      </w>
      <w n="3-12">
        <text>seus</text>
      </w>
      <w n="3-13">
        <text>servos</text>
        <refs nrefs="3-11"/>
      </w>
      <w n="3-14">
        <text>guiavam</text>
        <refs nrefs="3-12"/>
      </w>
      <w n="3-15">
        <text>Sólon</text>
        <refs nrefs="3-9 3-10"/>
      </w>
      <w n="3-16">
        <text>aos</text>
        <refs nrefs="3-14"/>
      </w>
      <w n="3-17">
        <text>tesouros</text>
        <refs nrefs="3-15"/>
      </w>
      <w n="3-18">
        <text>e</text>
        <refs nrefs="3-17"/>
      </w>
      <w n="3-19">
        <text>mostravam</text>
        <refs nrefs="3-18"/>
      </w>
      <w n="3-20">
        <text>todas</text>
        <refs nrefs="3-19"/>
      </w>
      <w n="3-21">
        <text>as</text>
        <refs nrefs="3-19"/>
      </w>
      <w n="3-22">
        <text>coisas</text>
        <refs nrefs="3-19"/>
      </w>
      <w n="3-23">
        <text>que</text>
        <refs nrefs="3-20"/>
      </w>
      <w n="3-24">
        <text>são</text>
        <refs nrefs="3-20"/>
      </w>
      <w n="3-25">
        <text>grandes</text>
        <refs nrefs="3-21"/>
      </w>
      <w n="3-26">
        <text>e</text>
        <refs nrefs="3-22 3-23"/>
      </w>
      <w n="3-27">
        <text>prósperas</text>
        <refs nrefs="3-24"/>
      </w>
      <w n="3-28">
        <text>.</text>
      </w>
      <w n="4-1">
        <text>Tendo</text>
        <refs nrefs="4-1"/>
      </w>
      <w n="4-2">
        <text>contemplado</text>
        <refs nrefs="4-1"/>
      </w>
      <w n="4-3">
        <text>todas</text>
        <refs nrefs="4-5"/>
      </w>
      <w n="4-4">
        <text>as</text>
        <refs nrefs="4-5"/>
      </w>
      <w n="4-5">
        <text>coisas</text>
        <refs nrefs="4-5"/>
      </w>
      <w n="4-6">
        <text>e</text>
        <refs nrefs="4-6"/>
      </w>
      <w n="4-7">
        <text>as</text>
      </w>
      <w n="4-8">
        <text>examinado</text>
        <refs nrefs="4-7"/>
      </w>
      <w n="4-9">
        <text>,</text>
      </w>
      <w n="4-10">
        <text>Creso</text>
        <refs nrefs="4-15 4-16"/>
      </w>
      <w n="4-11">
        <text>,</text>
      </w>
      <w n="4-12">
        <text>quando</text>
        <refs nrefs="4-8"/>
      </w>
      <w n="4-13">
        <text>teve</text>
        <refs nrefs="4-9 4-10 4-11 4-12"/>
      </w>
      <w n="4-14">
        <text>ocasião</text>
        <refs nrefs="4-9 4-10 4-11 4-12"/>
      </w>
      <w n="4-15">
        <text>,</text>
      </w>
      <w n="4-16">
        <text>perguntou</text>
        <refs nrefs="4-14"/>
      </w>
      <w n="4-17">
        <text>isso</text>
        <refs nrefs="4-17"/>
      </w>
      <w n="4-18">
        <text>:</text>
      </w>
      <w n="5-1">
        <text>Hóspede</text>
        <refs nrefs="5-1"/>
      </w>
      <w n="5-2">
        <text>ateniense</text>
        <refs nrefs="5-2"/>
      </w>
      <w n="5-3">
        <text>,</text>
      </w>
      <w n="5-4">
        <text>junto</text>
        <refs nrefs="5-4"/>
      </w>
      <w n="5-5">
        <text>a</text>
        <refs nrefs="5-5"/>
      </w>
      <w n="5-6">
        <text>nós</text>
        <refs nrefs="5-5"/>
      </w>
      <w n="5-7">
        <text>,</text>
      </w>
      <w n="5-8">
        <text>pois</text>
        <refs nrefs="5-6"/>
      </w>
      <w n="5-9">
        <text>,</text>
      </w>
      <w n="5-10">
        <text>chegou</text>
        <refs nrefs="5-10"/>
      </w>
      <w n="5-11">
        <text>um</text>
        <refs nrefs="5-9"/>
      </w>
      <w n="5-12">
        <text>grande</text>
        <refs nrefs="5-11"/>
      </w>
      <w n="5-13">
        <text>falatório</text>
        <refs nrefs="5-9"/>
      </w>
      <w n="5-14">
        <text>a</text>
        <refs nrefs="5-7"/>
      </w>
      <w n="5-15">
        <text>cerca</text>
        <refs nrefs="5-7"/>
      </w>
      <w n="5-16">
        <text>de</text>
        <refs nrefs="5-8"/>
      </w>
      <w n="5-17">
        <text>você</text>
        <refs nrefs="5-8"/>
      </w>
      <w n="5-18">
        <text>por</text>
        <refs nrefs="5-14"/>
      </w>
      <w n="5-19">
        <text>causa</text>
        <refs nrefs="5-14"/>
      </w>
      <w n="5-20">
        <text>da</text>
        <refs nrefs="5-13"/>
      </w>
      <w n="5-21">
        <text>sabedoria</text>
        <refs nrefs="5-13"/>
      </w>
      <w n="5-22">
        <text>e</text>
      </w>
      <w n="5-23">
        <text>das</text>
        <refs nrefs="5-15"/>
      </w>
      <w n="5-24">
        <text>suas</text>
        <refs nrefs="5-16"/>
      </w>
      <w n="5-25">
        <text>andanças</text>
        <refs nrefs="5-18"/>
      </w>
      <w n="5-26">
        <text>,</text>
      </w>
      <w n="5-27">
        <text>e</text>
      </w>
      <w n="5-28">
        <text>por</text>
        <refs nrefs="5-21"/>
      </w>
      <w n="5-29">
        <text>perseguir</text>
        <refs nrefs="5-21"/>
      </w>
      <w n="5-30">
        <text>o</text>
        <refs nrefs="5-21"/>
      </w>
      <w n="5-31">
        <text>conhecimento</text>
        <refs nrefs="5-21"/>
      </w>
      <w n="5-32">
        <text>,</text>
      </w>
      <w n="5-33">
        <text>viajando</text>
        <refs nrefs="5-26"/>
      </w>
      <w n="5-34">
        <text>toda</text>
        <refs nrefs="5-23"/>
      </w>
      <w n="5-35">
        <text>a</text>
        <refs nrefs="5-22"/>
      </w>
      <w n="5-36">
        <text>terra</text>
        <refs nrefs="5-22"/>
      </w>
      <w n="5-37">
        <text>para</text>
        <refs nrefs="5-25"/>
      </w>
      <w n="5-38">
        <text>vê</text>
        <refs nrefs="5-24"/>
      </w>
      <w n="5-39">
        <text>-</text>
      </w>
      <w n="5-40">
        <text>la</text>
        <refs nrefs="5-24"/>
      </w>
      <w n="5-41">
        <text>.</text>
      </w>
      <w n="6-1">
        <text>Agora</text>
        <refs nrefs="6-1"/>
      </w>
      <w n="6-2">
        <text>,</text>
      </w>
      <w n="6-3">
        <text>chegou</text>
        <refs nrefs="6-4 6-6"/>
      </w>
      <w n="6-4">
        <text>-</text>
      </w>
      <w n="6-5">
        <text>me</text>
        <refs nrefs="6-4 6-6"/>
      </w>
      <w n="6-6">
        <text>o</text>
        <refs nrefs="6-5"/>
      </w>
      <w n="6-7">
        <text>desejo</text>
        <refs nrefs="6-5"/>
      </w>
      <w n="6-8">
        <text>de</text>
      </w>
      <w n="6-9">
        <text>perguntar</text>
        <refs nrefs="6-3"/>
      </w>
      <w n="6-10">
        <text>a</text>
        <refs nrefs="6-7"/>
      </w>
      <w n="6-11">
        <text>você</text>
        <refs nrefs="6-7"/>
      </w>
      <w n="6-12">
        <text>se</text>
        <refs nrefs="6-8"/>
      </w>
      <w n="6-13">
        <text>já</text>
        <refs nrefs="6-10"/>
      </w>
      <w n="6-14">
        <text>pôde</text>
        <refs nrefs="6-12"/>
      </w>
      <w n="6-15">
        <text>perceber</text>
        <refs nrefs="6-12"/>
      </w>
      <w n="6-16">
        <text>quem</text>
        <refs nrefs="6-9"/>
      </w>
      <w n="6-17">
        <text>é</text>
      </w>
      <w n="6-18">
        <text>o</text>
        <refs nrefs="6-13"/>
      </w>
      <w n="6-19">
        <text>mais</text>
        <refs nrefs="6-13"/>
      </w>
      <w n="6-20">
        <text>feliz</text>
        <refs nrefs="6-13"/>
      </w>
      <w n="6-21">
        <text>de</text>
        <refs nrefs="6-11"/>
      </w>
      <w n="6-22">
        <text>todos</text>
        <refs nrefs="6-11"/>
      </w>
      <w n="6-23">
        <text>.</text>
      </w>
    </wds>
  </sentence>
</aligned-text>