<aligned-text xmlns="http://alpheios.net/namespaces/aligned-text">
  <language lnum="L1" xml:lang="grc" dir="ltr"/>
  <language lnum="L2" xml:lang="por" dir="ltr"/>
  <comment class="title">Artemidoro.Orange-LV.91</comment>
  <sentence id="1" document_id="">
    <wds lnum="L1">
      <comment xmlns:ns_1="http://www.w3.org/1999/xlink" class="uri"/>
      <w n="1-1">
        <text>Ἔδοξέ</text>
        <refs nrefs="1-3"/>
      </w>
      <w n="1-2">
        <text>τις</text>
        <refs nrefs="1-1 1-2"/>
      </w>
      <w n="1-3">
        <text>τρία</text>
        <refs nrefs="1-6"/>
      </w>
      <w n="1-4">
        <text>αἰδοῖα</text>
        <refs nrefs="1-7"/>
      </w>
      <w n="1-5">
        <text>ἔχειν</text>
        <refs nrefs="1-4 1-5"/>
      </w>
      <w n="1-6">
        <text>.</text>
        <refs nrefs="1-8"/>
      </w>
      <w n="2-1">
        <text>ἔτυχε</text>
        <refs nrefs="2-2 2-3"/>
      </w>
      <w n="2-2">
        <text>δοῦλος</text>
        <refs nrefs="2-4 2-5"/>
      </w>
      <w n="2-3">
        <text>ὢν</text>
        <refs nrefs="2-1"/>
      </w>
      <w n="2-4">
        <text>καὶ</text>
        <refs nrefs="2-6"/>
      </w>
      <w n="2-5">
        <text>ἠλευθερώθη</text>
        <refs nrefs="2-7 2-8"/>
      </w>
      <w n="2-6">
        <text>καὶ</text>
        <refs nrefs="2-10"/>
      </w>
      <w n="2-7">
        <text>τρία</text>
        <refs nrefs="2-11"/>
      </w>
      <w n="2-8">
        <text>ἀντὶ</text>
        <refs nrefs="2-13 2-14 2-15"/>
      </w>
      <w n="2-9">
        <text>ἑνὸς</text>
        <refs nrefs="2-16"/>
      </w>
      <w n="2-10">
        <text>ὀνόματος</text>
        <refs nrefs="2-17"/>
      </w>
      <w n="2-11">
        <text>ἐκτήσατο</text>
        <refs nrefs="2-19"/>
      </w>
      <w n="2-12">
        <text>,</text>
      </w>
      <w n="2-13">
        <text>τὰ</text>
      </w>
      <w n="2-14">
        <text>δύο</text>
        <refs nrefs="2-24"/>
      </w>
      <w n="2-15">
        <text>ἐκ</text>
        <refs nrefs="2-25"/>
      </w>
      <w n="2-16">
        <text>τοῦ</text>
        <refs nrefs="2-25"/>
      </w>
      <w n="2-17">
        <text>ἐλευθερώσαντος</text>
        <refs nrefs="2-26 2-28"/>
      </w>
      <w n="2-18">
        <text>προσλαβών</text>
        <refs nrefs="2-21 2-22"/>
      </w>
      <w n="2-19">
        <text>.</text>
        <refs nrefs="2-29"/>
      </w>
    </wds>
    <wds lnum="L2">
      <comment xmlns:ns_1="http://www.w3.org/1999/xlink" class="uri"/>
      <w n="1-1">
        <text>Um</text>
        <refs nrefs="1-2"/>
      </w>
      <w n="1-2">
        <text>sujeito</text>
        <refs nrefs="1-2"/>
      </w>
      <w n="1-3">
        <text>sonhou</text>
        <refs nrefs="1-1"/>
      </w>
      <w n="1-4">
        <text>que</text>
        <refs nrefs="1-5"/>
      </w>
      <w n="1-5">
        <text>tinha</text>
        <refs nrefs="1-5"/>
      </w>
      <w n="1-6">
        <text>três</text>
        <refs nrefs="1-3"/>
      </w>
      <w n="1-7">
        <text>genitais</text>
        <refs nrefs="1-4"/>
      </w>
      <w n="1-8">
        <text>.</text>
        <refs nrefs="1-6"/>
      </w>
      <w n="2-1">
        <text>Era</text>
        <refs nrefs="2-3"/>
      </w>
      <w n="2-2">
        <text>por</text>
        <refs nrefs="2-1"/>
      </w>
      <w n="2-3">
        <text>acaso</text>
        <refs nrefs="2-1"/>
      </w>
      <w n="2-4">
        <text>um</text>
        <refs nrefs="2-2"/>
      </w>
      <w n="2-5">
        <text>escravo</text>
        <refs nrefs="2-2"/>
      </w>
      <w n="2-6">
        <text>e</text>
        <refs nrefs="2-4"/>
      </w>
      <w n="2-7">
        <text>foi</text>
        <refs nrefs="2-5"/>
      </w>
      <w n="2-8">
        <text>libertado</text>
        <refs nrefs="2-5"/>
      </w>
      <w n="2-9">
        <text>,</text>
      </w>
      <w n="2-10">
        <text>e</text>
        <refs nrefs="2-6"/>
      </w>
      <w n="2-11">
        <text>três</text>
        <refs nrefs="2-7"/>
      </w>
      <w n="2-12">
        <text>,</text>
      </w>
      <w n="2-13">
        <text>no</text>
        <refs nrefs="2-8"/>
      </w>
      <w n="2-14">
        <text>lugar</text>
        <refs nrefs="2-8"/>
      </w>
      <w n="2-15">
        <text>de</text>
        <refs nrefs="2-8"/>
      </w>
      <w n="2-16">
        <text>um</text>
        <refs nrefs="2-9"/>
      </w>
      <w n="2-17">
        <text>nome</text>
        <refs nrefs="2-10"/>
      </w>
      <w n="2-18">
        <text>,</text>
      </w>
      <w n="2-19">
        <text>ganhou</text>
        <refs nrefs="2-11"/>
      </w>
      <w n="2-20">
        <text>,</text>
      </w>
      <w n="2-21">
        <text>tendo</text>
        <refs nrefs="2-18"/>
      </w>
      <w n="2-22">
        <text>recebido</text>
        <refs nrefs="2-18"/>
      </w>
      <w n="2-23">
        <text>mais</text>
      </w>
      <w n="2-24">
        <text>dois</text>
        <refs nrefs="2-14"/>
      </w>
      <w n="2-25">
        <text>daquele</text>
        <refs nrefs="2-15 2-16"/>
      </w>
      <w n="2-26">
        <text>que</text>
        <refs nrefs="2-17"/>
      </w>
      <w n="2-27">
        <text>o</text>
      </w>
      <w n="2-28">
        <text>libertou</text>
        <refs nrefs="2-17"/>
      </w>
      <w n="2-29">
        <text>.</text>
        <refs nrefs="2-19"/>
      </w>
    </wds>
  </sentence>
</aligned-text>