<aligned-text xmlns="http://alpheios.net/namespaces/aligned-text">
  <language lnum="L1" xml:lang="grc" dir="ltr"/>
  <language lnum="L2" xml:lang="por" dir="ltr"/>
  <comment class="title">Her. 1.108.3-5</comment>
  <sentence id="1" document_id="">
    <wds lnum="L1">
      <comment class="uri"/>
      <w n="1-1">
        <text>ταῦτα</text>
        <refs nrefs="1-8"/>
      </w>
      <w n="1-2">
        <text>δὴ</text>
      </w>
      <w n="1-3">
        <text>ὦν</text>
        <refs nrefs="1-3"/>
      </w>
      <w n="1-4">
        <text>φυλασσόμενος</text>
        <refs nrefs="1-5 1-6 1-7"/>
      </w>
      <w n="1-5">
        <text>ὁ</text>
        <refs nrefs="1-1"/>
      </w>
      <w n="1-6">
        <text>Ἀστυάγης</text>
        <refs nrefs="1-1"/>
      </w>
      <w n="1-7">
        <text>,</text>
      </w>
      <w n="1-8">
        <text>ὡς</text>
        <refs nrefs="1-10 1-11 1-12 1-13"/>
      </w>
      <w n="1-9">
        <text>ἐγένετο</text>
        <refs nrefs="1-15"/>
      </w>
      <w n="1-10">
        <text>ὁ</text>
        <refs nrefs="1-14"/>
      </w>
      <w n="1-11">
        <text>Κῦρος</text>
        <refs nrefs="1-14"/>
      </w>
      <w n="1-12">
        <text>,</text>
      </w>
      <w n="1-13">
        <text>καλέσας</text>
        <refs nrefs="1-16"/>
      </w>
      <w n="1-14">
        <text>Ἅρπαγον</text>
        <refs nrefs="1-17"/>
      </w>
      <w n="1-15">
        <text>ἄνδρα</text>
        <refs nrefs="1-19 1-20"/>
      </w>
      <w n="1-16">
        <text>οἰκήιον</text>
        <refs nrefs="1-23"/>
      </w>
      <w n="1-17">
        <text>καὶ</text>
      </w>
      <w n="1-18">
        <text>πιστότατόν</text>
        <refs nrefs="1-24 1-25 1-26"/>
      </w>
      <w n="1-19">
        <text>τε</text>
      </w>
      <w n="1-20">
        <text>Μήδων</text>
        <refs nrefs="1-27 1-28 1-29"/>
      </w>
      <w n="1-21">
        <text>καὶ</text>
        <refs nrefs="1-30"/>
      </w>
      <w n="1-22">
        <text>πάντων</text>
        <refs nrefs="1-32 1-33"/>
      </w>
      <w n="1-23">
        <text>ἐπίτροπον</text>
        <refs nrefs="1-31"/>
      </w>
      <w n="1-24">
        <text>τῶν</text>
        <refs nrefs="1-34 1-35 1-36"/>
      </w>
      <w n="1-25">
        <text>ἑωυτοῦ</text>
        <refs nrefs="1-34 1-35 1-36"/>
      </w>
      <w n="1-26">
        <text>,</text>
        <refs nrefs="1-37"/>
      </w>
      <w n="1-27">
        <text>ἔλεγὲ</text>
        <refs nrefs="1-38 1-39"/>
      </w>
      <w n="1-28">
        <text>οἱ</text>
      </w>
      <w n="1-29">
        <text>τοιάδε</text>
        <refs nrefs="1-40 1-41"/>
      </w>
      <w n="1-30">
        <text>.</text>
        <refs nrefs="1-42"/>
      </w>
      <w n="2-1">
        <text>‘Ἅρπαγε</text>
        <refs nrefs="2-1"/>
      </w>
      <w n="2-2">
        <text>,</text>
        <refs nrefs="2-2"/>
      </w>
      <w n="2-3">
        <text>πρῆγμα</text>
        <refs nrefs="2-6 2-7"/>
      </w>
      <w n="2-4">
        <text>τὸ</text>
        <refs nrefs="2-8"/>
      </w>
      <w n="2-5">
        <text>ἄν</text>
        <refs nrefs="2-3 2-4 2-5"/>
      </w>
      <w n="2-6">
        <text>τοι</text>
        <refs nrefs="2-10"/>
      </w>
      <w n="2-7">
        <text>προσθέω</text>
        <refs nrefs="2-9 2-11"/>
      </w>
      <w n="2-8">
        <text>,</text>
        <refs nrefs="2-12"/>
      </w>
      <w n="2-9">
        <text>μηδαμῶς</text>
        <refs nrefs="2-13 2-14 2-15"/>
      </w>
      <w n="2-10">
        <text>παραχρήσῃ</text>
        <refs nrefs="2-16 2-17"/>
      </w>
      <w n="2-11">
        <text>,</text>
        <refs nrefs="2-18"/>
      </w>
      <w n="2-12">
        <text>μηδὲ</text>
        <refs nrefs="3-1"/>
      </w>
      <w n="2-13">
        <text>ἐμέ</text>
        <refs nrefs="3-2"/>
      </w>
      <w n="2-14">
        <text>τε</text>
      </w>
      <w n="2-15">
        <text>παραβάλῃ</text>
        <refs nrefs="3-3 3-4 3-5"/>
      </w>
      <w n="2-16">
        <text>καὶ</text>
        <refs nrefs="3-6"/>
      </w>
      <w n="2-17">
        <text>ἄλλους</text>
        <refs nrefs="3-10 3-11"/>
      </w>
      <w n="2-18">
        <text>ἑλόμενος</text>
        <refs nrefs="3-8 3-9"/>
      </w>
      <w n="2-19">
        <text>ἐξ</text>
        <refs nrefs="3-13 3-14"/>
      </w>
      <w n="2-20">
        <text>ὑστέρης</text>
        <refs nrefs="3-13 3-14"/>
      </w>
      <w n="2-21">
        <text>σοὶ</text>
        <refs nrefs="3-16 3-17 3-18"/>
      </w>
      <w n="2-22">
        <text>αὐτῷ</text>
        <refs nrefs="3-16 3-17 3-18"/>
      </w>
      <w n="2-23">
        <text>περιπέσῃς</text>
        <refs nrefs="3-15"/>
      </w>
      <w n="2-24">
        <text>:</text>
        <refs nrefs="3-19"/>
      </w>
      <w n="3-1">
        <text>λάβε</text>
        <refs nrefs="4-1"/>
      </w>
      <w n="3-2">
        <text>τὸν</text>
        <refs nrefs="4-2"/>
      </w>
      <w n="3-3">
        <text>Μανδάνη</text>
        <refs nrefs="4-5"/>
      </w>
      <w n="3-4">
        <text>ἔτεκε</text>
        <refs nrefs="4-6"/>
      </w>
      <w n="3-5">
        <text>παῖδα</text>
        <refs nrefs="4-3"/>
      </w>
      <w n="3-6">
        <text>,</text>
        <refs nrefs="4-8"/>
      </w>
      <w n="3-7">
        <text>φέρων</text>
        <refs nrefs="4-9 4-10 4-11"/>
      </w>
      <w n="3-8">
        <text>δὲ</text>
        <refs nrefs="4-7"/>
      </w>
      <w n="3-9">
        <text>ἐς</text>
        <refs nrefs="4-12 4-13 4-14"/>
      </w>
      <w n="3-10">
        <text>σεωυτοῦ</text>
        <refs nrefs="4-12 4-13 4-14"/>
      </w>
      <w n="3-11">
        <text>ἀπόκτεινον</text>
        <refs nrefs="4-16"/>
      </w>
      <w n="3-12">
        <text>,</text>
        <refs nrefs="4-21"/>
      </w>
      <w n="3-13">
        <text>μετὰ</text>
        <refs nrefs="4-23"/>
      </w>
      <w n="3-14">
        <text>δὲ</text>
        <refs nrefs="4-22"/>
      </w>
      <w n="3-15">
        <text>θάψον</text>
        <refs nrefs="4-24 4-25 4-26"/>
      </w>
      <w n="3-16">
        <text>τρόπῳ</text>
      </w>
      <w n="3-17">
        <text>ὅτεῳ</text>
        <refs nrefs="4-27 4-28 4-29"/>
      </w>
      <w n="3-18">
        <text>αὐτὸς</text>
      </w>
      <w n="3-19">
        <text>βούλεαι</text>
        <refs nrefs="4-30"/>
      </w>
      <w n="3-20">
        <text>.</text>
        <refs nrefs="4-31"/>
      </w>
      <w n="4-1">
        <text>’</text>
      </w>
      <w n="4-2">
        <text>ὁ</text>
        <refs nrefs="5-1"/>
      </w>
      <w n="4-3">
        <text>δὲ</text>
      </w>
      <w n="4-4">
        <text>ἀμείβεται</text>
        <refs nrefs="5-2"/>
      </w>
      <w n="4-5">
        <text>‘ὦ</text>
        <refs nrefs="6-1"/>
      </w>
      <w n="4-6">
        <text>βασιλεῦ</text>
        <refs nrefs="6-2"/>
      </w>
      <w n="4-7">
        <text>,</text>
        <refs nrefs="6-3"/>
      </w>
      <w n="4-8">
        <text>οὔτε</text>
        <refs nrefs="6-4"/>
      </w>
      <w n="4-9">
        <text>ἄλλοτε</text>
        <refs nrefs="6-4"/>
      </w>
      <w n="4-10">
        <text>κω</text>
        <refs nrefs="6-4"/>
      </w>
      <w n="4-11">
        <text>παρεῖδες</text>
        <refs nrefs="6-5 6-6"/>
      </w>
      <w n="4-12">
        <text>ἀνδρὶ</text>
        <refs nrefs="6-10"/>
      </w>
      <w n="4-13">
        <text>τῷδε</text>
        <refs nrefs="6-9"/>
      </w>
      <w n="4-14">
        <text>ἄχαρι</text>
        <refs nrefs="6-8"/>
      </w>
      <w n="4-15">
        <text>οὐδέν</text>
        <refs nrefs="6-7"/>
      </w>
      <w n="4-16">
        <text>,</text>
        <refs nrefs="6-11"/>
      </w>
      <w n="4-17">
        <text>φυλασσόμεθα</text>
        <refs nrefs="6-16 6-17"/>
      </w>
      <w n="4-18">
        <text>δὲ</text>
        <refs nrefs="6-12"/>
      </w>
      <w n="4-19">
        <text>ἐς</text>
        <refs nrefs="6-23"/>
      </w>
      <w n="4-20">
        <text>σὲ</text>
        <refs nrefs="6-24"/>
      </w>
      <w n="4-21">
        <text>καὶ</text>
      </w>
      <w n="4-22">
        <text>ἐς</text>
        <refs nrefs="6-25"/>
      </w>
      <w n="4-23">
        <text>τὸν</text>
        <refs nrefs="6-26"/>
      </w>
      <w n="4-24">
        <text>μετέπειτα</text>
        <refs nrefs="6-27"/>
      </w>
      <w n="4-25">
        <text>χρόνον</text>
        <refs nrefs="6-26"/>
      </w>
      <w n="4-26">
        <text>μηδὲν</text>
        <refs nrefs="6-19 6-21"/>
      </w>
      <w n="4-27">
        <text>ἐξαμαρτεῖν</text>
        <refs nrefs="6-20 6-22"/>
      </w>
      <w n="4-28">
        <text>.</text>
        <refs nrefs="6-28"/>
      </w>
      <w n="5-1">
        <text>ἀλλ᾽</text>
        <refs nrefs="7-1"/>
      </w>
      <w n="5-2">
        <text>εἲ</text>
        <refs nrefs="7-2"/>
      </w>
      <w n="5-3">
        <text>τοι</text>
        <refs nrefs="7-4 7-5"/>
      </w>
      <w n="5-4">
        <text>φίλον</text>
        <refs nrefs="7-10"/>
      </w>
      <w n="5-5">
        <text>τοῦτο</text>
        <refs nrefs="7-12"/>
      </w>
      <w n="5-6">
        <text>οὕτω</text>
        <refs nrefs="7-13 7-14"/>
      </w>
      <w n="5-7">
        <text>γίνεσθαι</text>
        <refs nrefs="7-11"/>
      </w>
      <w n="5-8">
        <text>,</text>
        <refs nrefs="7-15"/>
      </w>
      <w n="5-9">
        <text>χρὴ</text>
        <refs nrefs="7-18 7-19"/>
      </w>
      <w n="5-10">
        <text>δὴ</text>
      </w>
      <w n="5-11">
        <text>τό</text>
      </w>
      <w n="5-12">
        <text>γε</text>
      </w>
      <w n="5-13">
        <text>ἐμὸν</text>
        <refs nrefs="7-16 7-17"/>
      </w>
      <w n="5-14">
        <text>ὑπηρετέεσθαι</text>
        <refs nrefs="7-20 7-21 7-22"/>
      </w>
      <w n="5-15">
        <text>ἐπιτηδέως</text>
        <refs nrefs="7-23 7-24"/>
      </w>
      <w n="5-16">
        <text>.</text>
        <refs nrefs="7-25"/>
      </w>
      <w n="6-1">
        <text>’</text>
      </w>
    </wds>
    <wds lnum="L2">
      <comment class="uri"/>
      <w n="1-1">
        <text>Astíages</text>
        <refs nrefs="1-5 1-6"/>
      </w>
      <w n="1-2">
        <text>,</text>
      </w>
      <w n="1-3">
        <text>então</text>
        <refs nrefs="1-3"/>
      </w>
      <w n="1-4">
        <text>,</text>
      </w>
      <w n="1-5">
        <text>precavendo</text>
        <refs nrefs="1-4"/>
      </w>
      <w n="1-6">
        <text>-</text>
        <refs nrefs="1-4"/>
      </w>
      <w n="1-7">
        <text>se</text>
        <refs nrefs="1-4"/>
      </w>
      <w n="1-8">
        <text>disso</text>
        <refs nrefs="1-1"/>
      </w>
      <w n="1-9">
        <text>,</text>
      </w>
      <w n="1-10">
        <text>na</text>
        <refs nrefs="1-8"/>
      </w>
      <w n="1-11">
        <text>ocasião</text>
        <refs nrefs="1-8"/>
      </w>
      <w n="1-12">
        <text>em</text>
        <refs nrefs="1-8"/>
      </w>
      <w n="1-13">
        <text>que</text>
        <refs nrefs="1-8"/>
      </w>
      <w n="1-14">
        <text>Ciro</text>
        <refs nrefs="1-10 1-11"/>
      </w>
      <w n="1-15">
        <text>nasceu</text>
        <refs nrefs="1-9"/>
      </w>
      <w n="1-16">
        <text>convocou</text>
        <refs nrefs="1-13"/>
      </w>
      <w n="1-17">
        <text>Hárpago</text>
        <refs nrefs="1-14"/>
      </w>
      <w n="1-18">
        <text>,</text>
      </w>
      <w n="1-19">
        <text>um</text>
        <refs nrefs="1-15"/>
      </w>
      <w n="1-20">
        <text>homem</text>
        <refs nrefs="1-15"/>
      </w>
      <w n="1-21">
        <text>de</text>
      </w>
      <w n="1-22">
        <text>sua</text>
      </w>
      <w n="1-23">
        <text>família</text>
        <refs nrefs="1-16"/>
      </w>
      <w n="1-24">
        <text>dos</text>
        <refs nrefs="1-18"/>
      </w>
      <w n="1-25">
        <text>mais</text>
        <refs nrefs="1-18"/>
      </w>
      <w n="1-26">
        <text>confiáveis</text>
        <refs nrefs="1-18"/>
      </w>
      <w n="1-27">
        <text>dentre</text>
        <refs nrefs="1-20"/>
      </w>
      <w n="1-28">
        <text>os</text>
        <refs nrefs="1-20"/>
      </w>
      <w n="1-29">
        <text>medos</text>
        <refs nrefs="1-20"/>
      </w>
      <w n="1-30">
        <text>e</text>
        <refs nrefs="1-21"/>
      </w>
      <w n="1-31">
        <text>administrador</text>
        <refs nrefs="1-23"/>
      </w>
      <w n="1-32">
        <text>de</text>
        <refs nrefs="1-22"/>
      </w>
      <w n="1-33">
        <text>todos</text>
        <refs nrefs="1-22"/>
      </w>
      <w n="1-34">
        <text>os</text>
        <refs nrefs="1-24 1-25"/>
      </w>
      <w n="1-35">
        <text>seus</text>
        <refs nrefs="1-24 1-25"/>
      </w>
      <w n="1-36">
        <text>bens</text>
        <refs nrefs="1-24 1-25"/>
      </w>
      <w n="1-37">
        <text>,</text>
        <refs nrefs="1-26"/>
      </w>
      <w n="1-38">
        <text>lhe</text>
        <refs nrefs="1-27"/>
      </w>
      <w n="1-39">
        <text>dizia</text>
        <refs nrefs="1-27"/>
      </w>
      <w n="1-40">
        <text>estas</text>
        <refs nrefs="1-29"/>
      </w>
      <w n="1-41">
        <text>palavras</text>
        <refs nrefs="1-29"/>
      </w>
      <w n="1-42">
        <text>.</text>
        <refs nrefs="1-30"/>
      </w>
      <w n="2-1">
        <text>“Hárpago</text>
        <refs nrefs="2-1"/>
      </w>
      <w n="2-2">
        <text>,</text>
        <refs nrefs="2-2"/>
      </w>
      <w n="2-3">
        <text>seja</text>
        <refs nrefs="2-5"/>
      </w>
      <w n="2-4">
        <text>qual</text>
        <refs nrefs="2-5"/>
      </w>
      <w n="2-5">
        <text>for</text>
        <refs nrefs="2-5"/>
      </w>
      <w n="2-6">
        <text>a</text>
        <refs nrefs="2-3"/>
      </w>
      <w n="2-7">
        <text>tarefa</text>
        <refs nrefs="2-3"/>
      </w>
      <w n="2-8">
        <text>que</text>
        <refs nrefs="2-4"/>
      </w>
      <w n="2-9">
        <text>eu</text>
        <refs nrefs="2-7"/>
      </w>
      <w n="2-10">
        <text>te</text>
        <refs nrefs="2-6"/>
      </w>
      <w n="2-11">
        <text>encarregar</text>
        <refs nrefs="2-7"/>
      </w>
      <w n="2-12">
        <text>,</text>
        <refs nrefs="2-8"/>
      </w>
      <w n="2-13">
        <text>de</text>
        <refs nrefs="2-9"/>
      </w>
      <w n="2-14">
        <text>forma</text>
        <refs nrefs="2-9"/>
      </w>
      <w n="2-15">
        <text>alguma</text>
        <refs nrefs="2-9"/>
      </w>
      <w n="2-16">
        <text>me</text>
        <refs nrefs="2-10"/>
      </w>
      <w n="2-17">
        <text>decepcione</text>
        <refs nrefs="2-10"/>
      </w>
      <w n="2-18">
        <text>;</text>
        <refs nrefs="2-11"/>
      </w>
      <w n="3-1">
        <text>nem</text>
        <refs nrefs="2-12"/>
      </w>
      <w n="3-2">
        <text>me</text>
        <refs nrefs="2-13"/>
      </w>
      <w n="3-3">
        <text>coloque</text>
        <refs nrefs="2-15"/>
      </w>
      <w n="3-4">
        <text>em</text>
        <refs nrefs="2-15"/>
      </w>
      <w n="3-5">
        <text>risco</text>
        <refs nrefs="2-15"/>
      </w>
      <w n="3-6">
        <text>e</text>
        <refs nrefs="2-16"/>
      </w>
      <w n="3-7">
        <text>mesmo</text>
      </w>
      <w n="3-8">
        <text>dando</text>
        <refs nrefs="2-18"/>
      </w>
      <w n="3-9">
        <text>preferência</text>
        <refs nrefs="2-18"/>
      </w>
      <w n="3-10">
        <text>a</text>
        <refs nrefs="2-17"/>
      </w>
      <w n="3-11">
        <text>outros</text>
        <refs nrefs="2-17"/>
      </w>
      <w n="3-12">
        <text>,</text>
      </w>
      <w n="3-13">
        <text>mais</text>
        <refs nrefs="2-19 2-20"/>
      </w>
      <w n="3-14">
        <text>tarde</text>
        <refs nrefs="2-19 2-20"/>
      </w>
      <w n="3-15">
        <text>tropece</text>
        <refs nrefs="2-23"/>
      </w>
      <w n="3-16">
        <text>por</text>
        <refs nrefs="2-21 2-22"/>
      </w>
      <w n="3-17">
        <text>você</text>
        <refs nrefs="2-21 2-22"/>
      </w>
      <w n="3-18">
        <text>mesmo</text>
        <refs nrefs="2-21 2-22"/>
      </w>
      <w n="3-19">
        <text>;</text>
        <refs nrefs="2-24"/>
      </w>
      <w n="4-1">
        <text>Pegue</text>
        <refs nrefs="3-1"/>
      </w>
      <w n="4-2">
        <text>a</text>
        <refs nrefs="3-2"/>
      </w>
      <w n="4-3">
        <text>criança</text>
        <refs nrefs="3-5"/>
      </w>
      <w n="4-4">
        <text>que</text>
      </w>
      <w n="4-5">
        <text>Mandane</text>
        <refs nrefs="3-3"/>
      </w>
      <w n="4-6">
        <text>gerou</text>
        <refs nrefs="3-4"/>
      </w>
      <w n="4-7">
        <text>e</text>
        <refs nrefs="3-8"/>
      </w>
      <w n="4-8">
        <text>,</text>
        <refs nrefs="3-6"/>
      </w>
      <w n="4-9">
        <text>levando</text>
        <refs nrefs="3-7"/>
      </w>
      <w n="4-10">
        <text>-</text>
        <refs nrefs="3-7"/>
      </w>
      <w n="4-11">
        <text>a</text>
        <refs nrefs="3-7"/>
      </w>
      <w n="4-12">
        <text>com</text>
        <refs nrefs="3-9 3-10"/>
      </w>
      <w n="4-13">
        <text>você</text>
        <refs nrefs="3-9 3-10"/>
      </w>
      <w n="4-14">
        <text>mesmo</text>
        <refs nrefs="3-9 3-10"/>
      </w>
      <w n="4-15">
        <text>,</text>
      </w>
      <w n="4-16">
        <text>mate</text>
        <refs nrefs="3-11"/>
      </w>
      <w n="4-17">
        <text>[</text>
      </w>
      <w n="4-18">
        <text>-</text>
      </w>
      <w n="4-19">
        <text>a</text>
      </w>
      <w n="4-20">
        <text>]</text>
      </w>
      <w n="4-21">
        <text>,</text>
        <refs nrefs="3-12"/>
      </w>
      <w n="4-22">
        <text>e</text>
        <refs nrefs="3-14"/>
      </w>
      <w n="4-23">
        <text>depois</text>
        <refs nrefs="3-13"/>
      </w>
      <w n="4-24">
        <text>enterre</text>
        <refs nrefs="3-15"/>
      </w>
      <w n="4-25">
        <text>-</text>
        <refs nrefs="3-15"/>
      </w>
      <w n="4-26">
        <text>a</text>
        <refs nrefs="3-15"/>
      </w>
      <w n="4-27">
        <text>da</text>
        <refs nrefs="3-17"/>
      </w>
      <w n="4-28">
        <text>maneira</text>
        <refs nrefs="3-17"/>
      </w>
      <w n="4-29">
        <text>que</text>
        <refs nrefs="3-17"/>
      </w>
      <w n="4-30">
        <text>desejar</text>
        <refs nrefs="3-19"/>
      </w>
      <w n="4-31">
        <text>.</text>
        <refs nrefs="3-20"/>
      </w>
      <w n="5-1">
        <text>Ele</text>
        <refs nrefs="4-2"/>
      </w>
      <w n="5-2">
        <text>respondeu</text>
        <refs nrefs="4-4"/>
      </w>
      <w n="5-3">
        <text>:</text>
      </w>
      <w n="6-1">
        <text>“Ó</text>
        <refs nrefs="4-5"/>
      </w>
      <w n="6-2">
        <text>rei</text>
        <refs nrefs="4-6"/>
      </w>
      <w n="6-3">
        <text>,</text>
        <refs nrefs="4-7"/>
      </w>
      <w n="6-4">
        <text>jamais</text>
        <refs nrefs="4-8 4-9 4-10"/>
      </w>
      <w n="6-5">
        <text>você</text>
        <refs nrefs="4-11"/>
      </w>
      <w n="6-6">
        <text>notou</text>
        <refs nrefs="4-11"/>
      </w>
      <w n="6-7">
        <text>nenhuma</text>
        <refs nrefs="4-15"/>
      </w>
      <w n="6-8">
        <text>ingratidão</text>
        <refs nrefs="4-14"/>
      </w>
      <w n="6-9">
        <text>neste</text>
        <refs nrefs="4-13"/>
      </w>
      <w n="6-10">
        <text>homem</text>
        <refs nrefs="4-12"/>
      </w>
      <w n="6-11">
        <text>,</text>
        <refs nrefs="4-16"/>
      </w>
      <w n="6-12">
        <text>mas</text>
        <refs nrefs="4-18"/>
      </w>
      <w n="6-13">
        <text>[</text>
      </w>
      <w n="6-14">
        <text>vou</text>
      </w>
      <w n="6-15">
        <text>]</text>
      </w>
      <w n="6-16">
        <text>ficar</text>
        <refs nrefs="4-17"/>
      </w>
      <w n="6-17">
        <text>vigilante</text>
        <refs nrefs="4-17"/>
      </w>
      <w n="6-18">
        <text>para</text>
      </w>
      <w n="6-19">
        <text>não</text>
        <refs nrefs="4-26"/>
      </w>
      <w n="6-20">
        <text>cometer</text>
        <refs nrefs="4-27"/>
      </w>
      <w n="6-21">
        <text>nenhum</text>
        <refs nrefs="4-26"/>
      </w>
      <w n="6-22">
        <text>erro</text>
        <refs nrefs="4-27"/>
      </w>
      <w n="6-23">
        <text>contra</text>
        <refs nrefs="4-19"/>
      </w>
      <w n="6-24">
        <text>você</text>
        <refs nrefs="4-20"/>
      </w>
      <w n="6-25">
        <text>no</text>
        <refs nrefs="4-22"/>
      </w>
      <w n="6-26">
        <text>tempo</text>
        <refs nrefs="4-23 4-25"/>
      </w>
      <w n="6-27">
        <text>seguinte</text>
        <refs nrefs="4-24"/>
      </w>
      <w n="6-28">
        <text>.</text>
        <refs nrefs="4-28"/>
      </w>
      <w n="7-1">
        <text>Mas</text>
        <refs nrefs="5-1"/>
      </w>
      <w n="7-2">
        <text>se</text>
        <refs nrefs="5-2"/>
      </w>
      <w n="7-3">
        <text>,</text>
      </w>
      <w n="7-4">
        <text>para</text>
        <refs nrefs="5-3"/>
      </w>
      <w n="7-5">
        <text>ti</text>
        <refs nrefs="5-3"/>
      </w>
      <w n="7-6">
        <text>,</text>
      </w>
      <w n="7-7">
        <text>[</text>
      </w>
      <w n="7-8">
        <text>é</text>
      </w>
      <w n="7-9">
        <text>]</text>
      </w>
      <w n="7-10">
        <text>agradável</text>
        <refs nrefs="5-4"/>
      </w>
      <w n="7-11">
        <text>acontecer</text>
        <refs nrefs="5-7"/>
      </w>
      <w n="7-12">
        <text>isso</text>
        <refs nrefs="5-5"/>
      </w>
      <w n="7-13">
        <text>dessa</text>
        <refs nrefs="5-6"/>
      </w>
      <w n="7-14">
        <text>forma</text>
        <refs nrefs="5-6"/>
      </w>
      <w n="7-15">
        <text>,</text>
        <refs nrefs="5-8"/>
      </w>
      <w n="7-16">
        <text>a</text>
        <refs nrefs="5-13"/>
      </w>
      <w n="7-17">
        <text>mim</text>
        <refs nrefs="5-13"/>
      </w>
      <w n="7-18">
        <text>é</text>
        <refs nrefs="5-9"/>
      </w>
      <w n="7-19">
        <text>necessário</text>
        <refs nrefs="5-9"/>
      </w>
      <w n="7-20">
        <text>executá</text>
        <refs nrefs="5-14"/>
      </w>
      <w n="7-21">
        <text>-</text>
        <refs nrefs="5-14"/>
      </w>
      <w n="7-22">
        <text>lo</text>
        <refs nrefs="5-14"/>
      </w>
      <w n="7-23">
        <text>com</text>
        <refs nrefs="5-15"/>
      </w>
      <w n="7-24">
        <text>zelo</text>
        <refs nrefs="5-15"/>
      </w>
      <w n="7-25">
        <text>.</text>
        <refs nrefs="5-16"/>
      </w>
    </wds>
  </sentence>
</aligned-text>