<?xml version="1.0" encoding="UTF-8"?>
<treebank xmlns:saxon="http://saxon.sf.net/"
          xml:lang="grc"
          format="smyth3"
          direction="ltr"
          version="1.5">
   <date>2016-10-04 14:52:57 +0000</date>
   <annotator>
      <short/>
      <name/>
      <address/>
      <uri>http://services2.perseids.org/llt/segtok</uri>
  </annotator>
   <annotator>
      <short/>
      <name/>
      <address/>
      <uri>http://github.com/latin-language-toolkit/arethusa</uri>
  </annotator>
   <annotator>
      <short>Murilogalves</short>
      <name>Murilo Alves</name>
      <address>mro_alves@hotmail.com</address>
      <uri>http://data.perseus.org/sosol/users/Murilogalves</uri>
  </annotator>
   <sentence id="1" document_id="" subdoc="" span="">
      <word id="1" form="ἀλλ᾽" lemma="ἀλλά" postag="d--------" relation="AuxY" gloss="" sg="" head="3"/>
      <word id="2" form="ἐμοὶ" lemma="ἐγώ" postag="p1s---md-" relation="OBJ" gloss="" sg="sbs dtv dpd prp ind" head="3"/>
      <word id="3" form="δοκεῖ" lemma="δοκέω" postag="v3spia---" relation="PRED" gloss="" sg="ind stt" head="0"/>
      <word id="4" form="τῶν" lemma="ὁ" postag="l-p---mg-" relation="ATR" gloss="" sg="" head="8"/>
      <word id="5" form="καλῶν" lemma="καλός" postag="a-p---mg-" relation="ATR_CO" gloss="" sg="prp" head="6"/>
      <word id="6" form="κ-" lemma="καί" postag="c--------" relation="COORD" gloss="" sg="" head="8"/>
      <word id="7" form="ἀγαθῶν" lemma="ἀγαθός" postag="a-p---mg-" relation="ATR_CO" gloss="" sg="prp" head="6"/>
      <word id="8" form="ἀνδρῶν" lemma="ἀνήρ" postag="n-p---mg-" relation="ATR" gloss="" sg="gnt dpd prp pss_bln" head="9"/>
      <word id="9" form="ἔργα" lemma="ἔργον" postag="n-p---na-" relation="SBJ" sg="acc nna" gloss="" head="17"/>
      <word id="10" form="οὐ" lemma="οὐ" postag="d--------" relation="AuxZ" sg="" gloss="" head="11"/>
      <word id="11" form="μόνον" lemma="μόνος" postag="a-s---ma-" relation="AuxZ" sg="" gloss="" head="15"/>
      <word id="12" form="τὰ" lemma="ὁ" postag="l-p---nn-" relation="ATR" sg="" gloss="" head="15"/>
      <word id="13" form="μετὰ" lemma="μετά" postag="r--------" relation="AuxP" sg="" gloss="" head="15"/>
      <word id="14" form="σπουδῆς" lemma="σπουδή" postag="n-s---fg-" relation="ADV" sg="" gloss="" head="13"/>
      <word id="15" form="πραττόμενα" lemma="πράσσω" postag="v-pppena-" relation="ATR_CO" sg="" gloss="" head="19"/>
      <word id="16" form="ἀξιομνημόνευτα" lemma="ἀξιομνημόνευτος" postag="a-p---na-" relation="PNOM" gloss="" sg="prp" head="17"/>
      <word id="17" form="εἶναι" lemma="εἰμί" postag="v--pna---" relation="SBJ" gloss="" sg="dpd vrb as_nmn nna" head="3"/>
      <word id="18" form="," lemma="punc1" postag="u--------" relation="AuxX" sg="" head="19"/>
      <word id="19" form="ἀλλὰ" lemma="ἀλλά" postag="d--------" relation="COORD" sg="" gloss="" head="9"/>
      <word id="20" form="καὶ" lemma="καί" postag="c--------" relation="AuxZ" sg="" gloss="" head="26"/>
      <word id="21" form="τὰ" lemma="ὁ" postag="l-p---nn-" relation="ATR" sg="" gloss="" head="26"/>
      <word id="22" form="ἐν" lemma="ἐν" postag="r--------" relation="AuxP" sg="" gloss="" head="26"/>
      <word id="23" form="ταῖς" lemma="ὁ" postag="l-p---fd-" relation="ATR" sg="" gloss="" head="24"/>
      <word id="24" form="παιδιαῖς" lemma="παιδιή" postag="n-p---fd-" relation="ADV" sg="" gloss="" head="22"/>
      <word id="25" form="." lemma="punc1" postag="u--------" relation="AuxK" sg="" head="0"/>
      <word id="26" insertion_id="0021e" artificial="elliptic" relation="ATR_CO" form="πραττόμενα" sg="" lemma="πράσσω" postag="v-pppena-" gloss="" head="19"/>
   </sentence>
</treebank>
