<aligned-text xmlns="http://alpheios.net/namespaces/aligned-text">
  <language lnum="L1" xml:lang="grc" dir="ltr"/>
  <language lnum="L2" xml:lang="por" dir="ltr"/>
  <comment class="title">Hdt 1.112</comment>
  <sentence id="1" document_id="">
    <wds lnum="L1">
      <comment class="uri"/>
      <w n="1-1">
        <text>ἅμα</text>
        <refs nrefs="1-1"/>
      </w>
      <w n="1-2">
        <text>δὲ</text>
      </w>
      <w n="1-3">
        <text>ταῦτα</text>
        <refs nrefs="1-5 1-6"/>
      </w>
      <w n="1-4">
        <text>ἔλεγε</text>
        <refs nrefs="1-4"/>
      </w>
      <w n="1-5">
        <text>ὁ</text>
        <refs nrefs="1-2"/>
      </w>
      <w n="1-6">
        <text>βουκόλος</text>
        <refs nrefs="1-3"/>
      </w>
      <w n="1-7">
        <text>καὶ</text>
      </w>
      <w n="1-8">
        <text>ἐκκαλύψας</text>
        <refs nrefs="1-8"/>
      </w>
      <w n="1-9">
        <text>ἀπεδείκνυε</text>
        <refs nrefs="1-13 1-14 1-15 1-16"/>
      </w>
      <w n="1-10">
        <text>.</text>
        <refs nrefs="1-17"/>
      </w>
      <w n="2-1">
        <text>ἣ</text>
        <refs nrefs="2-1"/>
      </w>
      <w n="2-2">
        <text>δὲ</text>
      </w>
      <w n="2-3">
        <text>ὡς</text>
        <refs nrefs="2-3"/>
      </w>
      <w n="2-4">
        <text>εἶδε</text>
        <refs nrefs="2-4"/>
      </w>
      <w n="2-5">
        <text>τὸ</text>
        <refs nrefs="2-6"/>
      </w>
      <w n="2-6">
        <text>παιδίον</text>
        <refs nrefs="2-7"/>
      </w>
      <w n="2-7">
        <text>μέγα</text>
        <refs nrefs="2-9"/>
      </w>
      <w n="2-8">
        <text>τε</text>
      </w>
      <w n="2-9">
        <text>καὶ</text>
        <refs nrefs="2-10"/>
      </w>
      <w n="2-10">
        <text>εὐειδὲς</text>
        <refs nrefs="2-11"/>
      </w>
      <w n="2-11">
        <text>ἐόν</text>
        <refs nrefs="2-8"/>
      </w>
      <w n="2-12">
        <text>,</text>
        <refs nrefs="2-12"/>
      </w>
      <w n="2-13">
        <text>δακρύσασα</text>
        <refs nrefs="2-13 2-14 2-15"/>
      </w>
      <w n="2-14">
        <text>καὶ</text>
      </w>
      <w n="2-15">
        <text>λαβομένη</text>
        <refs nrefs="2-16 2-17 2-18"/>
      </w>
      <w n="2-16">
        <text>τῶν</text>
        <refs nrefs="2-19"/>
      </w>
      <w n="2-17">
        <text>γουνάτων</text>
        <refs nrefs="2-20"/>
      </w>
      <w n="2-18">
        <text>τοῦ</text>
        <refs nrefs="2-21"/>
      </w>
      <w n="2-19">
        <text>ἀνδρὸς</text>
        <refs nrefs="2-22"/>
      </w>
      <w n="2-20">
        <text>ἐχρήιζε</text>
        <refs nrefs="2-25"/>
      </w>
      <w n="2-21">
        <text>μηδεμιῇ</text>
        <refs nrefs="2-27 2-28 2-29"/>
      </w>
      <w n="2-22">
        <text>τέχνῃ</text>
      </w>
      <w n="2-23">
        <text>ἐκθεῖναί</text>
        <refs nrefs="2-31"/>
      </w>
      <w n="2-24">
        <text>μιν</text>
        <refs nrefs="2-30"/>
      </w>
      <w n="2-25">
        <text>.</text>
        <refs nrefs="2-32"/>
      </w>
      <w n="3-1">
        <text>ὁ</text>
        <refs nrefs="3-1"/>
      </w>
      <w n="3-2">
        <text>δὲ</text>
      </w>
      <w n="3-3">
        <text>οὐκ</text>
        <refs nrefs="3-6"/>
      </w>
      <w n="3-4">
        <text>ἔφη</text>
        <refs nrefs="3-2"/>
      </w>
      <w n="3-5">
        <text>οἷός</text>
      </w>
      <w n="3-6">
        <text>τ᾽</text>
      </w>
      <w n="3-7">
        <text>εἶναι</text>
        <refs nrefs="3-10"/>
      </w>
      <w n="3-8">
        <text>ἄλλως</text>
        <refs nrefs="3-12 3-13 3-14"/>
      </w>
      <w n="3-9">
        <text>αὐτὰ</text>
        <refs nrefs="3-4 3-5"/>
      </w>
      <w n="3-10">
        <text>ποιέειν</text>
        <refs nrefs="3-11"/>
      </w>
      <w n="3-11">
        <text>:</text>
        <refs nrefs="3-15"/>
      </w>
      <w n="4-1">
        <text>ἐπιφοιτήσειν</text>
        <refs nrefs="3-26"/>
      </w>
      <w n="4-2">
        <text>γὰρ</text>
        <refs nrefs="3-16"/>
      </w>
      <w n="4-3">
        <text>κατασκόπους</text>
        <refs nrefs="3-17 3-18"/>
      </w>
      <w n="4-4">
        <text>ἐξ</text>
        <refs nrefs="3-19 3-20 3-21"/>
      </w>
      <w n="4-5">
        <text>Ἁρπάγου</text>
        <refs nrefs="3-22"/>
      </w>
      <w n="4-6">
        <text>ἐποψομένους</text>
        <refs nrefs="3-30 3-31"/>
      </w>
      <w n="4-7">
        <text>,</text>
        <refs nrefs="3-32"/>
      </w>
      <w n="4-8">
        <text>ἀπολέεσθαί</text>
        <refs nrefs="3-42"/>
      </w>
      <w n="4-9">
        <text>τε</text>
        <refs nrefs="3-33"/>
      </w>
      <w n="4-10">
        <text>κάκιστα</text>
        <refs nrefs="3-47 3-48"/>
      </w>
      <w n="4-11">
        <text>ἢν</text>
        <refs nrefs="3-34"/>
      </w>
      <w n="4-12">
        <text>μὴ</text>
        <refs nrefs="3-35"/>
      </w>
      <w n="4-13">
        <text>σφεα</text>
        <refs nrefs="3-36"/>
      </w>
      <w n="4-14">
        <text>ποιήσῃ</text>
        <refs nrefs="3-37"/>
      </w>
      <w n="4-15">
        <text>.</text>
        <refs nrefs="3-49"/>
      </w>
      <w n="5-1">
        <text>ὡς</text>
        <refs nrefs="4-1"/>
      </w>
      <w n="5-2">
        <text>δὲ</text>
      </w>
      <w n="5-3">
        <text>οὐκ</text>
        <refs nrefs="4-7"/>
      </w>
      <w n="5-4">
        <text>ἔπειθε</text>
        <refs nrefs="4-8 4-9 4-10"/>
      </w>
      <w n="5-5">
        <text>ἄρα</text>
      </w>
      <w n="5-6">
        <text>τὸν</text>
      </w>
      <w n="5-7">
        <text>ἄνδρα</text>
        <refs nrefs="4-11"/>
      </w>
      <w n="5-8">
        <text>,</text>
        <refs nrefs="4-12"/>
      </w>
      <w n="5-9">
        <text>δευτέρα</text>
        <refs nrefs="4-16 4-17"/>
      </w>
      <w n="5-10">
        <text>λέγει</text>
        <refs nrefs="4-15"/>
      </w>
      <w n="5-11">
        <text>ἡ</text>
        <refs nrefs="4-5"/>
      </w>
      <w n="5-12">
        <text>γυνὴ</text>
        <refs nrefs="4-6"/>
      </w>
      <w n="5-13">
        <text>τάδε</text>
        <refs nrefs="4-15"/>
      </w>
      <w n="5-14">
        <text>.</text>
        <refs nrefs="4-18"/>
      </w>
      <w n="6-1">
        <text>‘</text>
        <refs nrefs="5-1"/>
      </w>
      <w n="6-2">
        <text>ἐπεὶ</text>
        <refs nrefs="5-2 5-4 5-5"/>
      </w>
      <w n="6-3">
        <text>τοίνυν</text>
        <refs nrefs="5-2 5-4 5-5"/>
      </w>
      <w n="6-4">
        <text>οὐ</text>
        <refs nrefs="5-6"/>
      </w>
      <w n="6-5">
        <text>δύναμαί</text>
        <refs nrefs="5-7"/>
      </w>
      <w n="6-6">
        <text>σε</text>
        <refs nrefs="5-10"/>
      </w>
      <w n="6-7">
        <text>πείθειν</text>
        <refs nrefs="5-8 5-11"/>
      </w>
      <w n="6-8">
        <text>μὴ</text>
        <refs nrefs="5-12"/>
      </w>
      <w n="6-9">
        <text>ἐκθεῖναι</text>
        <refs nrefs="5-13"/>
      </w>
      <w n="6-10">
        <text>,</text>
      </w>
      <w n="6-11">
        <text>σὺ</text>
      </w>
      <w n="6-12">
        <text>δὲ</text>
      </w>
      <w n="6-13">
        <text>ὧδε</text>
        <refs nrefs="5-20"/>
      </w>
      <w n="6-14">
        <text>ποίησον</text>
        <refs nrefs="5-19"/>
      </w>
      <w n="6-15">
        <text>,</text>
      </w>
      <w n="6-16">
        <text>εἰ</text>
        <refs nrefs="6-1"/>
      </w>
      <w n="6-17">
        <text>δὴ</text>
      </w>
      <w n="6-18">
        <text>πᾶσα</text>
        <refs nrefs="6-3"/>
      </w>
      <w n="6-19">
        <text>ἀνάγκη</text>
        <refs nrefs="6-4"/>
      </w>
      <w n="6-20">
        <text>ὀφθῆναι</text>
        <refs nrefs="6-6"/>
      </w>
      <w n="6-21">
        <text>ἐκκείμενον</text>
        <refs nrefs="6-11"/>
      </w>
      <w n="6-22">
        <text>.</text>
      </w>
      <w n="7-1">
        <text>τέτοκα</text>
        <refs nrefs="6-14"/>
      </w>
      <w n="7-2">
        <text>γὰρ</text>
      </w>
      <w n="7-3">
        <text>καὶ</text>
      </w>
      <w n="7-4">
        <text>ἐγώ</text>
        <refs nrefs="6-13"/>
      </w>
      <w n="7-5">
        <text>,</text>
        <refs nrefs="6-17"/>
      </w>
      <w n="7-6">
        <text>τέτοκα</text>
        <refs nrefs="6-19"/>
      </w>
      <w n="7-7">
        <text>δὲ</text>
        <refs nrefs="6-18"/>
      </w>
      <w n="7-8">
        <text>τεθνεός</text>
        <refs nrefs="6-24"/>
      </w>
      <w n="7-9">
        <text>.</text>
        <refs nrefs="6-25"/>
      </w>
      <w n="8-1">
        <text>τοῦτο</text>
        <refs nrefs="7-2"/>
      </w>
      <w n="8-2">
        <text>μὲν</text>
      </w>
      <w n="8-3">
        <text>φέρων</text>
        <refs nrefs="7-1"/>
      </w>
      <w n="8-4">
        <text>πρόθες</text>
        <refs nrefs="7-4 7-5 7-6"/>
      </w>
      <w n="8-5">
        <text>,</text>
      </w>
      <w n="8-6">
        <text>τὸν</text>
        <refs nrefs="7-10"/>
      </w>
      <w n="8-7">
        <text>δὲ</text>
        <refs nrefs="7-8"/>
      </w>
      <w n="8-8">
        <text>τῆς</text>
        <refs nrefs="7-12"/>
      </w>
      <w n="8-9">
        <text>Ἀστυάγεος</text>
        <refs nrefs="7-14 7-15"/>
      </w>
      <w n="8-10">
        <text>θυγατρὸς</text>
        <refs nrefs="7-13"/>
      </w>
      <w n="8-11">
        <text>παῖδα</text>
        <refs nrefs="7-11"/>
      </w>
      <w n="8-12">
        <text>ὡς</text>
        <refs nrefs="7-16"/>
      </w>
      <w n="8-13">
        <text>ἐξ</text>
        <refs nrefs="7-18"/>
      </w>
      <w n="8-14">
        <text>ἡμέων</text>
        <refs nrefs="7-18"/>
      </w>
      <w n="8-15">
        <text>ἐόντα</text>
        <refs nrefs="7-17"/>
      </w>
      <w n="8-16">
        <text>τρέφωμεν</text>
        <refs nrefs="7-9"/>
      </w>
      <w n="8-17">
        <text>.</text>
        <refs nrefs="7-19"/>
      </w>
      <w n="9-1">
        <text>καὶ</text>
      </w>
      <w n="9-2">
        <text>οὕτω</text>
        <refs nrefs="8-1 8-2"/>
      </w>
      <w n="9-3">
        <text>οὔτε</text>
        <refs nrefs="8-5"/>
      </w>
      <w n="9-4">
        <text>σὺ</text>
        <refs nrefs="8-4"/>
      </w>
      <w n="9-5">
        <text>ἁλώσεαι</text>
        <refs nrefs="8-6 8-7 8-8"/>
      </w>
      <w n="9-6">
        <text>ἀδικέων</text>
        <refs nrefs="8-9 8-10 8-11"/>
      </w>
      <w n="9-7">
        <text>τοὺς</text>
        <refs nrefs="8-12"/>
      </w>
      <w n="9-8">
        <text>δεσπότας</text>
        <refs nrefs="8-16"/>
      </w>
      <w n="9-9">
        <text>οὔτε</text>
        <refs nrefs="8-18"/>
      </w>
      <w n="9-10">
        <text>ἡμῖν</text>
        <refs nrefs="8-20 8-21"/>
      </w>
      <w n="9-11">
        <text>κακῶς</text>
        <refs nrefs="8-26 8-27 8-28"/>
      </w>
      <w n="9-12">
        <text>βεβουλευμένα</text>
        <refs nrefs="8-25"/>
      </w>
      <w n="9-13">
        <text>ἔσται</text>
        <refs nrefs="8-19"/>
      </w>
      <w n="9-14">
        <text>:</text>
      </w>
      <w n="10-1">
        <text>ὅ</text>
        <refs nrefs="8-31 8-32"/>
      </w>
      <w n="10-2">
        <text>τε</text>
      </w>
      <w n="10-3">
        <text>γὰρ</text>
        <refs nrefs="8-30"/>
      </w>
      <w n="10-4">
        <text>τεθνεὼς</text>
        <refs nrefs="8-33 8-34"/>
      </w>
      <w n="10-5">
        <text>βασιληίης</text>
        <refs nrefs="8-38"/>
      </w>
      <w n="10-6">
        <text>ταφῆς</text>
        <refs nrefs="8-36 8-37"/>
      </w>
      <w n="10-7">
        <text>κυρήσει</text>
        <refs nrefs="8-35"/>
      </w>
      <w n="10-8">
        <text>καὶ</text>
        <refs nrefs="8-40"/>
      </w>
      <w n="10-9">
        <text>ὁ</text>
        <refs nrefs="8-41 8-42"/>
      </w>
      <w n="10-10">
        <text>περιεὼν</text>
        <refs nrefs="8-43"/>
      </w>
      <w n="10-11">
        <text>οὐκ</text>
        <refs nrefs="8-44"/>
      </w>
      <w n="10-12">
        <text>ἀπολέει</text>
        <refs nrefs="8-45"/>
      </w>
      <w n="10-13">
        <text>τὴν</text>
        <refs nrefs="8-46"/>
      </w>
      <w n="10-14">
        <text>ψυχήν</text>
        <refs nrefs="8-47"/>
      </w>
      <w n="10-15">
        <text>.</text>
        <refs nrefs="8-49"/>
      </w>
      <w n="11-1">
        <text>’</text>
        <refs nrefs="8-48"/>
      </w>
    </wds>
    <wds lnum="L2">
      <comment class="uri"/>
      <w n="1-1">
        <text>Enquanto</text>
        <refs nrefs="1-1"/>
      </w>
      <w n="1-2">
        <text>o</text>
        <refs nrefs="1-5"/>
      </w>
      <w n="1-3">
        <text>peão</text>
        <refs nrefs="1-6"/>
      </w>
      <w n="1-4">
        <text>dizia</text>
        <refs nrefs="1-4"/>
      </w>
      <w n="1-5">
        <text>essas</text>
        <refs nrefs="1-3"/>
      </w>
      <w n="1-6">
        <text>coisas</text>
        <refs nrefs="1-3"/>
      </w>
      <w n="1-7">
        <text>,</text>
      </w>
      <w n="1-8">
        <text>mostrou</text>
        <refs nrefs="1-8"/>
      </w>
      <w n="1-9">
        <text>[</text>
      </w>
      <w n="1-10">
        <text>o</text>
      </w>
      <w n="1-11">
        <text>menino</text>
      </w>
      <w n="1-12">
        <text>]</text>
      </w>
      <w n="1-13">
        <text>ao</text>
        <refs nrefs="1-9"/>
      </w>
      <w n="1-14">
        <text>descobri</text>
        <refs nrefs="1-9"/>
      </w>
      <w n="1-15">
        <text>-</text>
        <refs nrefs="1-9"/>
      </w>
      <w n="1-16">
        <text>lo</text>
        <refs nrefs="1-9"/>
      </w>
      <w n="1-17">
        <text>.</text>
        <refs nrefs="1-10"/>
      </w>
      <w n="2-1">
        <text>Ela</text>
        <refs nrefs="2-1"/>
      </w>
      <w n="2-2">
        <text>,</text>
      </w>
      <w n="2-3">
        <text>quando</text>
        <refs nrefs="2-3"/>
      </w>
      <w n="2-4">
        <text>viu</text>
        <refs nrefs="2-4"/>
      </w>
      <w n="2-5">
        <text>que</text>
      </w>
      <w n="2-6">
        <text>o</text>
        <refs nrefs="2-5"/>
      </w>
      <w n="2-7">
        <text>menino</text>
        <refs nrefs="2-6"/>
      </w>
      <w n="2-8">
        <text>era</text>
        <refs nrefs="2-11"/>
      </w>
      <w n="2-9">
        <text>grande</text>
        <refs nrefs="2-7"/>
      </w>
      <w n="2-10">
        <text>e</text>
        <refs nrefs="2-9"/>
      </w>
      <w n="2-11">
        <text>belo</text>
        <refs nrefs="2-10"/>
      </w>
      <w n="2-12">
        <text>,</text>
        <refs nrefs="2-12"/>
      </w>
      <w n="2-13">
        <text>começou</text>
        <refs nrefs="2-13"/>
      </w>
      <w n="2-14">
        <text>a</text>
        <refs nrefs="2-13"/>
      </w>
      <w n="2-15">
        <text>chorar</text>
        <refs nrefs="2-13"/>
      </w>
      <w n="2-16">
        <text>agarrando</text>
        <refs nrefs="2-15"/>
      </w>
      <w n="2-17">
        <text>-</text>
        <refs nrefs="2-15"/>
      </w>
      <w n="2-18">
        <text>se</text>
        <refs nrefs="2-15"/>
      </w>
      <w n="2-19">
        <text>nos</text>
        <refs nrefs="2-16"/>
      </w>
      <w n="2-20">
        <text>joelhos</text>
        <refs nrefs="2-17"/>
      </w>
      <w n="2-21">
        <text>do</text>
        <refs nrefs="2-18"/>
      </w>
      <w n="2-22">
        <text>marido</text>
        <refs nrefs="2-19"/>
      </w>
      <w n="2-23">
        <text>,</text>
      </w>
      <w n="2-24">
        <text>e</text>
      </w>
      <w n="2-25">
        <text>implorou</text>
        <refs nrefs="2-20"/>
      </w>
      <w n="2-26">
        <text>que</text>
      </w>
      <w n="2-27">
        <text>de</text>
        <refs nrefs="2-21"/>
      </w>
      <w n="2-28">
        <text>maneira</text>
        <refs nrefs="2-21"/>
      </w>
      <w n="2-29">
        <text>alguma</text>
        <refs nrefs="2-21"/>
      </w>
      <w n="2-30">
        <text>o</text>
        <refs nrefs="2-24"/>
      </w>
      <w n="2-31">
        <text>expusesse</text>
        <refs nrefs="2-23"/>
      </w>
      <w n="2-32">
        <text>.</text>
        <refs nrefs="2-25"/>
      </w>
      <w n="3-1">
        <text>Ele</text>
        <refs nrefs="3-1"/>
      </w>
      <w n="3-2">
        <text>disse</text>
        <refs nrefs="3-4"/>
      </w>
      <w n="3-3">
        <text>que</text>
      </w>
      <w n="3-4">
        <text>as</text>
        <refs nrefs="3-9"/>
      </w>
      <w n="3-5">
        <text>coisas</text>
        <refs nrefs="3-9"/>
      </w>
      <w n="3-6">
        <text>não</text>
        <refs nrefs="3-3"/>
      </w>
      <w n="3-7">
        <text>[</text>
      </w>
      <w n="3-8">
        <text>poderiam</text>
      </w>
      <w n="3-9">
        <text>]</text>
      </w>
      <w n="3-10">
        <text>ser</text>
        <refs nrefs="3-7"/>
      </w>
      <w n="3-11">
        <text>feitas</text>
        <refs nrefs="3-10"/>
      </w>
      <w n="3-12">
        <text>de</text>
        <refs nrefs="3-8"/>
      </w>
      <w n="3-13">
        <text>outra</text>
        <refs nrefs="3-8"/>
      </w>
      <w n="3-14">
        <text>forma</text>
        <refs nrefs="3-8"/>
      </w>
      <w n="3-15">
        <text>,</text>
        <refs nrefs="3-11"/>
      </w>
      <w n="3-16">
        <text>pois</text>
        <refs nrefs="4-2"/>
      </w>
      <w n="3-17">
        <text>uns</text>
        <refs nrefs="4-3"/>
      </w>
      <w n="3-18">
        <text>espiões</text>
        <refs nrefs="4-3"/>
      </w>
      <w n="3-19">
        <text>da</text>
        <refs nrefs="4-4"/>
      </w>
      <w n="3-20">
        <text>parte</text>
        <refs nrefs="4-4"/>
      </w>
      <w n="3-21">
        <text>de</text>
        <refs nrefs="4-4"/>
      </w>
      <w n="3-22">
        <text>Hárpago</text>
        <refs nrefs="4-5"/>
      </w>
      <w n="3-23">
        <text>[</text>
      </w>
      <w n="3-24">
        <text>iriam</text>
      </w>
      <w n="3-25">
        <text>]</text>
      </w>
      <w n="3-26">
        <text>visitar</text>
        <refs nrefs="4-1"/>
      </w>
      <w n="3-27">
        <text>a</text>
      </w>
      <w n="3-28">
        <text>casa</text>
      </w>
      <w n="3-29">
        <text>para</text>
      </w>
      <w n="3-30">
        <text>fazer</text>
        <refs nrefs="4-6"/>
      </w>
      <w n="3-31">
        <text>inspeção</text>
        <refs nrefs="4-6"/>
      </w>
      <w n="3-32">
        <text>,</text>
        <refs nrefs="4-7"/>
      </w>
      <w n="3-33">
        <text>e</text>
        <refs nrefs="4-9"/>
      </w>
      <w n="3-34">
        <text>se</text>
        <refs nrefs="4-11"/>
      </w>
      <w n="3-35">
        <text>não</text>
        <refs nrefs="4-12"/>
      </w>
      <w n="3-36">
        <text>as</text>
        <refs nrefs="4-13"/>
      </w>
      <w n="3-37">
        <text>fizesse</text>
        <refs nrefs="4-14"/>
      </w>
      <w n="3-38">
        <text>,</text>
      </w>
      <w n="3-39">
        <text>[</text>
      </w>
      <w n="3-40">
        <text>iria</text>
      </w>
      <w n="3-41">
        <text>]</text>
      </w>
      <w n="3-42">
        <text>morrer</text>
        <refs nrefs="4-8"/>
      </w>
      <w n="3-43">
        <text>[</text>
      </w>
      <w n="3-44">
        <text>da</text>
      </w>
      <w n="3-45">
        <text>maneira</text>
      </w>
      <w n="3-46">
        <text>]</text>
      </w>
      <w n="3-47">
        <text>mais</text>
        <refs nrefs="4-10"/>
      </w>
      <w n="3-48">
        <text>cruel</text>
        <refs nrefs="4-10"/>
      </w>
      <w n="3-49">
        <text>.</text>
        <refs nrefs="4-15"/>
      </w>
      <w n="4-1">
        <text>Como</text>
        <refs nrefs="5-1"/>
      </w>
      <w n="4-2">
        <text>,</text>
      </w>
      <w n="4-3">
        <text>então</text>
      </w>
      <w n="4-4">
        <text>,</text>
      </w>
      <w n="4-5">
        <text>a</text>
        <refs nrefs="5-11"/>
      </w>
      <w n="4-6">
        <text>mulher</text>
        <refs nrefs="5-12"/>
      </w>
      <w n="4-7">
        <text>não</text>
        <refs nrefs="5-3"/>
      </w>
      <w n="4-8">
        <text>conseguia</text>
        <refs nrefs="5-4"/>
      </w>
      <w n="4-9">
        <text>convencer</text>
        <refs nrefs="5-4"/>
      </w>
      <w n="4-10">
        <text>o</text>
        <refs nrefs="5-4"/>
      </w>
      <w n="4-11">
        <text>marido</text>
        <refs nrefs="5-7"/>
      </w>
      <w n="4-12">
        <text>,</text>
        <refs nrefs="5-8"/>
      </w>
      <w n="4-13">
        <text>passou</text>
      </w>
      <w n="4-14">
        <text>a</text>
      </w>
      <w n="4-15">
        <text>dizer</text>
        <refs nrefs="5-10 5-13"/>
      </w>
      <w n="4-16">
        <text>o</text>
        <refs nrefs="5-9"/>
      </w>
      <w n="4-17">
        <text>seguinte</text>
        <refs nrefs="5-9"/>
      </w>
      <w n="4-18">
        <text>:</text>
        <refs nrefs="5-14"/>
      </w>
      <w n="5-1">
        <text>“</text>
        <refs nrefs="6-1"/>
      </w>
      <w n="5-2">
        <text>Bem</text>
        <refs nrefs="6-2 6-3"/>
      </w>
      <w n="5-3">
        <text>,</text>
      </w>
      <w n="5-4">
        <text>visto</text>
        <refs nrefs="6-2 6-3"/>
      </w>
      <w n="5-5">
        <text>que</text>
        <refs nrefs="6-2 6-3"/>
      </w>
      <w n="5-6">
        <text>não</text>
        <refs nrefs="6-4"/>
      </w>
      <w n="5-7">
        <text>consigo</text>
        <refs nrefs="6-5"/>
      </w>
      <w n="5-8">
        <text>convencê</text>
        <refs nrefs="6-7"/>
      </w>
      <w n="5-9">
        <text>-</text>
      </w>
      <w n="5-10">
        <text>lo</text>
        <refs nrefs="6-6"/>
      </w>
      <w n="5-11">
        <text>a</text>
        <refs nrefs="6-7"/>
      </w>
      <w n="5-12">
        <text>não</text>
        <refs nrefs="6-8"/>
      </w>
      <w n="5-13">
        <text>expor</text>
        <refs nrefs="6-9"/>
      </w>
      <w n="5-14">
        <text>[</text>
      </w>
      <w n="5-15">
        <text>o</text>
      </w>
      <w n="5-16">
        <text>menino</text>
      </w>
      <w n="5-17">
        <text>]</text>
      </w>
      <w n="5-18">
        <text>,</text>
      </w>
      <w n="5-19">
        <text>faça</text>
        <refs nrefs="6-14"/>
      </w>
      <w n="5-20">
        <text>assim</text>
        <refs nrefs="6-13"/>
      </w>
      <w n="5-21">
        <text>:</text>
      </w>
      <w n="6-1">
        <text>se</text>
        <refs nrefs="6-16"/>
      </w>
      <w n="6-2">
        <text>realmente</text>
      </w>
      <w n="6-3">
        <text>toda</text>
        <refs nrefs="6-18"/>
      </w>
      <w n="6-4">
        <text>necessidade</text>
        <refs nrefs="6-19"/>
      </w>
      <w n="6-5">
        <text>é</text>
      </w>
      <w n="6-6">
        <text>ver</text>
        <refs nrefs="6-20"/>
      </w>
      <w n="6-7">
        <text>[</text>
      </w>
      <w n="6-8">
        <text>o</text>
      </w>
      <w n="6-9">
        <text>menino</text>
      </w>
      <w n="6-10">
        <text>]</text>
      </w>
      <w n="6-11">
        <text>abandonado</text>
        <refs nrefs="6-21"/>
      </w>
      <w n="6-12">
        <text>,</text>
      </w>
      <w n="6-13">
        <text>eu</text>
        <refs nrefs="7-4"/>
      </w>
      <w n="6-14">
        <text>pari</text>
        <refs nrefs="7-1"/>
      </w>
      <w n="6-15">
        <text>uma</text>
      </w>
      <w n="6-16">
        <text>criança</text>
      </w>
      <w n="6-17">
        <text>,</text>
        <refs nrefs="7-5"/>
      </w>
      <w n="6-18">
        <text>mas</text>
        <refs nrefs="7-7"/>
      </w>
      <w n="6-19">
        <text>pari</text>
        <refs nrefs="7-6"/>
      </w>
      <w n="6-20">
        <text>[</text>
      </w>
      <w n="6-21">
        <text>uma</text>
      </w>
      <w n="6-22">
        <text>criança</text>
      </w>
      <w n="6-23">
        <text>]</text>
      </w>
      <w n="6-24">
        <text>morta</text>
        <refs nrefs="7-8"/>
      </w>
      <w n="6-25">
        <text>.</text>
        <refs nrefs="7-9"/>
      </w>
      <w n="7-1">
        <text>Levando</text>
        <refs nrefs="8-3"/>
      </w>
      <w n="7-2">
        <text>este</text>
        <refs nrefs="8-1"/>
      </w>
      <w n="7-3">
        <text>,</text>
      </w>
      <w n="7-4">
        <text>expõe</text>
        <refs nrefs="8-4"/>
      </w>
      <w n="7-5">
        <text>-</text>
        <refs nrefs="8-4"/>
      </w>
      <w n="7-6">
        <text>no</text>
        <refs nrefs="8-4"/>
      </w>
      <w n="7-7">
        <text>,</text>
      </w>
      <w n="7-8">
        <text>e</text>
        <refs nrefs="8-7"/>
      </w>
      <w n="7-9">
        <text>criemos</text>
        <refs nrefs="8-16"/>
      </w>
      <w n="7-10">
        <text>o</text>
        <refs nrefs="8-6"/>
      </w>
      <w n="7-11">
        <text>filho</text>
        <refs nrefs="8-11"/>
      </w>
      <w n="7-12">
        <text>da</text>
        <refs nrefs="8-8"/>
      </w>
      <w n="7-13">
        <text>filha</text>
        <refs nrefs="8-10"/>
      </w>
      <w n="7-14">
        <text>de</text>
        <refs nrefs="8-9"/>
      </w>
      <w n="7-15">
        <text>Astíages</text>
        <refs nrefs="8-9"/>
      </w>
      <w n="7-16">
        <text>como</text>
        <refs nrefs="8-12"/>
      </w>
      <w n="7-17">
        <text>sendo</text>
        <refs nrefs="8-15"/>
      </w>
      <w n="7-18">
        <text>nosso</text>
        <refs nrefs="8-13 8-14"/>
      </w>
      <w n="7-19">
        <text>.</text>
        <refs nrefs="8-17"/>
      </w>
      <w n="8-1">
        <text>Dessa</text>
        <refs nrefs="9-2"/>
      </w>
      <w n="8-2">
        <text>maneira</text>
        <refs nrefs="9-2"/>
      </w>
      <w n="8-3">
        <text>,</text>
      </w>
      <w n="8-4">
        <text>você</text>
        <refs nrefs="9-4"/>
      </w>
      <w n="8-5">
        <text>não</text>
        <refs nrefs="9-3"/>
      </w>
      <w n="8-6">
        <text>será</text>
        <refs nrefs="9-5"/>
      </w>
      <w n="8-7">
        <text>considerado</text>
        <refs nrefs="9-5"/>
      </w>
      <w n="8-8">
        <text>culpado</text>
        <refs nrefs="9-5"/>
      </w>
      <w n="8-9">
        <text>de</text>
        <refs nrefs="9-6"/>
      </w>
      <w n="8-10">
        <text>cometer</text>
        <refs nrefs="9-6"/>
      </w>
      <w n="8-11">
        <text>injustiça</text>
        <refs nrefs="9-6"/>
      </w>
      <w n="8-12">
        <text>contra</text>
        <refs nrefs="9-7"/>
      </w>
      <w n="8-13">
        <text>[</text>
      </w>
      <w n="8-14">
        <text>seu</text>
      </w>
      <w n="8-15">
        <text>]</text>
      </w>
      <w n="8-16">
        <text>senhor</text>
        <refs nrefs="9-8"/>
      </w>
      <w n="8-17">
        <text>,</text>
      </w>
      <w n="8-18">
        <text>nem</text>
        <refs nrefs="9-9"/>
      </w>
      <w n="8-19">
        <text>será</text>
        <refs nrefs="9-13"/>
      </w>
      <w n="8-20">
        <text>para</text>
        <refs nrefs="9-10"/>
      </w>
      <w n="8-21">
        <text>nós</text>
        <refs nrefs="9-10"/>
      </w>
      <w n="8-22">
        <text>[</text>
      </w>
      <w n="8-23">
        <text>termos</text>
      </w>
      <w n="8-24">
        <text>]</text>
      </w>
      <w n="8-25">
        <text>decidido</text>
        <refs nrefs="9-12"/>
      </w>
      <w n="8-26">
        <text>de</text>
        <refs nrefs="9-11"/>
      </w>
      <w n="8-27">
        <text>modo</text>
        <refs nrefs="9-11"/>
      </w>
      <w n="8-28">
        <text>desonroso</text>
        <refs nrefs="9-11"/>
      </w>
      <w n="8-29">
        <text>,</text>
      </w>
      <w n="8-30">
        <text>pois</text>
        <refs nrefs="10-3"/>
      </w>
      <w n="8-31">
        <text>o</text>
        <refs nrefs="10-1"/>
      </w>
      <w n="8-32">
        <text>que</text>
        <refs nrefs="10-1"/>
      </w>
      <w n="8-33">
        <text>está</text>
        <refs nrefs="10-4"/>
      </w>
      <w n="8-34">
        <text>morto</text>
        <refs nrefs="10-4"/>
      </w>
      <w n="8-35">
        <text>terá</text>
        <refs nrefs="10-7"/>
      </w>
      <w n="8-36">
        <text>uma</text>
        <refs nrefs="10-6"/>
      </w>
      <w n="8-37">
        <text>sepultura</text>
        <refs nrefs="10-6"/>
      </w>
      <w n="8-38">
        <text>real</text>
        <refs nrefs="10-5"/>
      </w>
      <w n="8-39">
        <text>,</text>
      </w>
      <w n="8-40">
        <text>e</text>
        <refs nrefs="10-8"/>
      </w>
      <w n="8-41">
        <text>o</text>
        <refs nrefs="10-9"/>
      </w>
      <w n="8-42">
        <text>que</text>
        <refs nrefs="10-9"/>
      </w>
      <w n="8-43">
        <text>sobrevive</text>
        <refs nrefs="10-10"/>
      </w>
      <w n="8-44">
        <text>não</text>
        <refs nrefs="10-11"/>
      </w>
      <w n="8-45">
        <text>perderá</text>
        <refs nrefs="10-12"/>
      </w>
      <w n="8-46">
        <text>a</text>
        <refs nrefs="10-13"/>
      </w>
      <w n="8-47">
        <text>vida</text>
        <refs nrefs="10-14"/>
      </w>
      <w n="8-48">
        <text>”</text>
        <refs nrefs="11-1"/>
      </w>
      <w n="8-49">
        <text>.</text>
        <refs nrefs="10-15"/>
      </w>
    </wds>
  </sentence>
</aligned-text>