<?xml version="1.0" encoding="UTF-8"?>
<treebank xmlns:saxon="http://saxon.sf.net/"
          xml:lang="grc"
          format="smyth3"
          direction="ltr"
          version="1.5">
   <date>2018-10-19 15:06:22 UTC</date>
   <annotator>
      <short/>
      <name/>
      <address/>
      <uri>https://services.perseids.org/llt/segtok</uri>
  </annotator>
   <annotator>
      <short/>
      <name/>
      <address/>
      <uri>http://github.com/latin-language-toolkit/arethusa</uri>
  </annotator>
   <annotator>
      <short>Murilogalves</short>
      <name>Murilo Alves</name>
      <address>mro_alves@hotmail.com</address>
      <uri>http://data.perseus.org/sosol/users/Murilogalves</uri>
  </annotator>
   <sentence id="1" document_id="" subdoc="" span="">
      <word id="1" form="Βδελυκλέων" lemma="Βδελυκλέων" postag="n-s---mn-" relation="ExD" gloss="" sg="" head="0"/>
   </sentence>
   <sentence id="2" document_id="" subdoc="" span="">
      <word id="1" form="ὦ" lemma="ὦ" postag="i--------" relation="AuxZ" gloss="" sg="" head="3"/>
      <word id="2" form="Ξανθία" lemma="Ξανθίης" postag="n-d---mv-" relation="ExD_CO" gloss="" sg="" head="3"/>
      <word id="3" form="καὶ" lemma="καί" postag="c--------" relation="COORD" gloss="" sg="" head="6"/>
      <word id="4" form="Σωσία" lemma="Σωσίης" postag="n-s---mv-" relation="ExD_CO" gloss="" sg="" head="3"/>
      <word id="5" form="," lemma="punc1" postag="u--------" relation="AuxX" sg="" head="0"/>
      <word id="6" form="καθεύδετε" lemma="καθεύδω" postag="v2ppma---" relation="PRED" gloss="" sg="" head="0"/>
      <word id="7" form=";" lemma="punc1" postag="u--------" relation="AuxK" sg="" head="0"/>
   </sentence>
   <sentence id="3" document_id="" subdoc="" span="">
      <word id="1" form="Ξανθίας" lemma="Ξανθίης" postag="n-s---mn-" relation="ExD" gloss="" sg="" head="0"/>
   </sentence>
   <sentence id="4" document_id="" subdoc="" span="">
      <word id="1" form="οἴμοι" lemma="οἴμοι" postag="i--------" relation="" sg="" gloss="" head="0"/>
      <word id="2" form="." lemma="punc1" postag="u--------" relation="AuxK" sg="" head="0"/>
   </sentence>
   <sentence id="5" document_id="" subdoc="" span="">
      <word id="1" form="Σωσίας" lemma="" postag="" relation="" sg="" head="0"/>
   </sentence>
   <sentence id="6" document_id="" subdoc="" span="">
      <word id="1" form="τί" lemma="τίς" postag="--s---nn-" relation="SBJ" gloss="" sg="" head="2"/>
      <word id="2" form="ἔστι" lemma="εἰμί" postag="v3spia---" relation="PRED" gloss="" sg="" head="0"/>
      <word id="3" form=";" lemma="punc1" postag="u--------" relation="AuxK" sg="" head="0"/>
   </sentence>
   <sentence id="7" document_id="" subdoc="" span="">
      <word id="1" form="Ξανθίας" lemma="" postag="" relation="" head=""/>
   </sentence>
   <sentence id="8" document_id="" subdoc="" span="">
      <word id="1" form="Βδελυκλέων" lemma="" postag="" relation="SBJ" sg="" head="2"/>
      <word id="2" form="ἀνίσταται" lemma="ἀνίστημι" postag="v3spie---" relation="PRED" gloss="" sg="" head="0"/>
      <word id="3" form="." lemma="punc1" postag="u--------" relation="AuxK" sg="" head="0"/>
   </sentence>
   <sentence id="9" document_id="" subdoc="" span="">
      <word id="1" form="Βδελυκλέων" lemma="" postag="" relation="" sg="" head="0"/>
   </sentence>
   <sentence id="10" document_id="" subdoc="" span="">
      <word id="1" form="οὐ" lemma="οὐ" postag="d--------" relation="AuxZ" gloss="" sg="" head="2"/>
      <word id="2" form="περιδραμεῖται" lemma="περιτρέχω" postag="v3sfim---" relation="PRED" gloss="" sg="" head="0"/>
      <word id="3" form="σφῷν" lemma="σφεῖς" postag="p-p---mg-" relation="ATR" gloss="" sg="" head="6"/>
      <word id="4" form="ταχέως" lemma="ταχέως" postag="d--------" relation="ADV" gloss="" sg="" head="2"/>
      <word id="5" form="δεῦρ᾽" lemma="δεῦρο" postag="d--------" relation="ADV" gloss="" sg="" head="2"/>
      <word id="6" form="ἅτερος" lemma="ἅτερος" postag="a-s---mn-" relation="SBJ" gloss="" sg="" head="2"/>
      <word id="7" form=";" lemma="punc1" postag="u--------" relation="AuxK" sg="" head="0"/>
   </sentence>
   <sentence id="11" document_id="" subdoc="" span="">
      <word id="1" form="ὁ" lemma="ὁ" postag="l-s---mn-" relation="ATR" gloss="" sg="" head="3"/>
      <word id="2" form="γὰρ" lemma="γάρ" postag="d--------" relation="AuxY" gloss="" sg="" head="8"/>
      <word id="3" form="πατὴρ" lemma="πατήρ" postag="n-s---mn-" relation="SBJ" gloss="" sg="" head="8"/>
      <word id="4" form="ἐς" lemma="εἰς" postag="r--------" relation="AuxP" gloss="" sg="" head="7"/>
      <word id="5" form="τὸν" lemma="ὁ" postag="l-s---ma-" relation="ATR" gloss="" sg="" head="6"/>
      <word id="6" form="ἰπνὸν" lemma="ἰπνός" postag="n-s---ma-" relation="OBJ" gloss="" sg="" head="4"/>
      <word id="7" form="εἰσελήλυθε" lemma="εἰσέρχομαι" postag="v3sria---" relation="PRED_CO" gloss="" sg="" head="8"/>
      <word id="8" form="καὶ" lemma="καί" postag="c--------" relation="COORD" gloss="" sg="" head="0"/>
      <word id="9" form="μυσπολεῖ" lemma="μυσπολέω" postag="v3spia---" relation="PRED_CO" gloss="" sg="" head="8"/>
      <word id="10" form="τι" lemma="τις" postag="p-s---na-" relation="OBJ" gloss="" sg="" head="9"/>
      <word id="11" form="καταδεδυκώς" lemma="καταδύω" postag="v-srpamn-" relation="ADV" gloss="" sg="" head="9"/>
      <word id="12" form="." lemma="punc1" postag="u--------" relation="AuxK" sg="" head="0"/>
   </sentence>
   <sentence id="12" document_id="" subdoc="" span="">
      <word id="1" form="ἀλλ᾽" lemma="ἀλλά" postag="d--------" relation="AuxY" gloss="" sg="" head="2"/>
      <word id="2" form="ἄθρει" lemma="ἀθρέω" postag="v2spma---" relation="PRED" gloss="" sg="" head="0"/>
      <word id="3" form="κατὰ" lemma="κατά" postag="r--------" relation="AuxP" gloss="" sg="" head="11"/>
      <word id="4" form="τῆς" lemma="ὁ" postag="l-s---fg-" relation="ATR" gloss="" sg="" head="5"/>
      <word id="5" form="πυέλου" lemma="πυέλος" postag="n-s---fg-" relation="ATR" gloss="" sg="" head="7"/>
      <word id="6" form="τὸ" lemma="ὁ" postag="l-s---na-" relation="ATR" gloss="" sg="" head="7"/>
      <word id="7" form="τρῆμ᾽" lemma="τρῆμα" postag="n-s---na-" relation="OBJ" gloss="" sg="" head="3"/>
      <word id="8" form="ὅπως" lemma="ὅπως" postag="c--------" relation="AuxC" gloss="" sg="" head="2"/>
      <word id="9" form="μὴ" lemma="μή" postag="c--------" relation="AuxZ" gloss="" sg="" head="11"/>
      <word id="10" form="'" lemma="punc1" postag="u--------" relation="AuxX" sg="" head="0"/>
      <word id="11" form="κδύσεται" lemma="" postag="" relation="ADV" sg="" head="8"/>
      <word id="12" form=":" lemma="punc1" postag="u--------" relation="AuxK" sg="" head="0"/>
   </sentence>
   <sentence id="13" document_id="" subdoc="" span="">
      <word id="1" form="σὺ" lemma="σύ" postag="p2s----n-" relation="SBJ" gloss="" sg="" head="5"/>
      <word id="2" form="δὲ" lemma="δέ" postag="d--------" relation="COORD" gloss="" sg="" head="0"/>
      <word id="3" form="τῇ" lemma="ὁ" postag="l-s---fd-" relation="ATR" gloss="" sg="" head="4"/>
      <word id="4" form="θύρᾳ" lemma="θύρα" postag="n-s---fd-" relation="OBJ" gloss="" sg="" head="5"/>
      <word id="5" form="πρόσκεισο" lemma="πρόσκειμαι" postag="v2spme---" relation="PRED" gloss="" sg="" head="2"/>
      <word id="6" form="." lemma="punc1" postag="u--------" relation="AuxK" sg="" head="0"/>
   </sentence>
   <sentence id="14" document_id="" subdoc="" span="">
      <word id="1" form="Σωσίας" lemma="" postag="" relation="" sg="" head="0"/>
   </sentence>
   <sentence id="15" document_id="" subdoc="" span="">
      <word id="1" form="ταῦτ᾽" lemma="οὗτος" postag="p-p---na-" relation="OBJ" gloss="" sg="" head="5"/>
      <word id="2" form="ὦ" lemma="ὦ" postag="i--------" relation="AuxZ" gloss="" sg="" head="3"/>
      <word id="3" form="δέσποτα" lemma="δεσπότης" postag="n-s---mv-" relation="ExD" gloss="" sg="" head="5"/>
      <word id="4" form="." lemma="punc1" postag="u--------" relation="AuxK" sg="" head="0"/>
      <word id="5" insertion_id="0000e" artificial="elliptic" relation="PRED" lemma="πράσσω" postag="v1sfia---" gloss="" form="πράξω" head="0"/>
   </sentence>
   <sentence id="16" document_id="" subdoc="" span="">
      <word id="1" form="Βδελυκλέων" lemma="" postag="" relation="" head=""/>
   </sentence>
   <sentence id="17" document_id="" subdoc="" span="">
      <word id="1" form="ἄναξ" lemma="ἄναξ" postag="n-s---mv-" relation="ATR" gloss="" sg="" head="2"/>
      <word id="2" form="Πόσειδον" lemma="Ποσειδῶν" postag="n-s---mv-" relation="ExD" gloss="" sg="" head="8"/>
      <word id="3" form="τί" lemma="τις" postag="p-s---na-" relation="ADV" gloss="" sg="" head="8"/>
      <word id="4" form="ποτ᾽" lemma="ποτέ" postag="d--------" relation="ADV" gloss="" sg="" head="8"/>
      <word id="5" form="ἄρ᾽" lemma="ἄρα" postag="d--------" relation="AuxY" gloss="" sg="" head="8"/>
      <word id="6" form="ἡ" lemma="ὁ" postag="l-s---fn-" relation="ATR" gloss="" sg="" head="7"/>
      <word id="7" form="κάπνη" lemma="κάπνη" postag="n-s---fn-" relation="SBJ" gloss="" sg="" head="8"/>
      <word id="8" form="ψοφεῖ" lemma="ψοφέω" postag="v3spia---" relation="PRED" gloss="" sg="" head="0"/>
      <word id="9" form=";" lemma="punc1" postag="u--------" relation="AuxK" sg="" head="0"/>
   </sentence>
   <sentence id="18" document_id="" subdoc="" span="">
      <word id="1" form="οὗτος" lemma="οὗτος" postag="p-s---mv-" relation="ExD" sg="" gloss="" head="3"/>
      <word id="2" form="τίς" lemma="τίς" postag="--s---mn-" relation="PNOM" sg="" gloss="" head="3"/>
      <word id="3" form="εἶ" lemma="εἶμι" postag="v2spia---" relation="PRED" sg="" gloss="" head="0"/>
      <word id="4" form="σύ" lemma="σύ" postag="p2s----n-" relation="SBJ" sg="" gloss="" head="3"/>
      <word id="5" form=";" lemma="punc1" postag="u--------" relation="AuxK" sg="" head="0"/>
   </sentence>
   <sentence id="19" document_id="" subdoc="" span="">
      <word id="1" form="Φιλοκλέων" lemma="" postag="" relation="" head=""/>
   </sentence>
   <sentence id="20" document_id="" subdoc="" span="">
      <word id="1" form="καπνὸς" lemma="καπνός" postag="n-s---mn-" relation="ADV" gloss="" sg="" head="3"/>
      <word id="2" form="ἔγωγ᾽" lemma="ἐγώ" postag="p1s---mn-" relation="SBJ" gloss="" sg="" head="3"/>
      <word id="3" form="ἐξέρχομαι" lemma="ἐξέρχομαι" postag="v1spie---" relation="PRED" gloss="" sg="" head="0"/>
      <word id="4" form="." lemma="punc1" postag="u--------" relation="AuxK" sg="" head="0"/>
   </sentence>
</treebank>
