<aligned-text xmlns="http://alpheios.net/namespaces/aligned-text">
  <language lnum="L1" xml:lang="grc" dir="ltr"/>
  <language lnum="L2" xml:lang="por" dir="ltr"/>
  <comment class="title">Her. 1.108.1-2</comment>
  <sentence id="1" document_id="">
    <wds lnum="L1">
      <comment class="uri"/>
      <w n="1-1">
        <text>συνοικεούσης</text>
        <refs nrefs="1-1"/>
      </w>
      <w n="1-2">
        <text>δὲ</text>
      </w>
      <w n="1-3">
        <text>τῷ</text>
        <refs nrefs="1-3 1-4"/>
      </w>
      <w n="1-4">
        <text>Καμβύσῃ</text>
        <refs nrefs="1-3 1-4"/>
      </w>
      <w n="1-5">
        <text>τῆς</text>
        <refs nrefs="1-2"/>
      </w>
      <w n="1-6">
        <text>Μανδάνης</text>
        <refs nrefs="1-2"/>
      </w>
      <w n="1-7">
        <text>,</text>
        <refs nrefs="1-5"/>
      </w>
      <w n="1-8">
        <text>ὁ</text>
        <refs nrefs="1-6"/>
      </w>
      <w n="1-9">
        <text>Ἀστυάγης</text>
        <refs nrefs="1-6"/>
      </w>
      <w n="1-10">
        <text>τῷ</text>
        <refs nrefs="1-7"/>
      </w>
      <w n="1-11">
        <text>πρώτῳ</text>
        <refs nrefs="1-8"/>
      </w>
      <w n="1-12">
        <text>ἔτεϊ</text>
        <refs nrefs="1-9"/>
      </w>
      <w n="1-13">
        <text>εἶδε</text>
        <refs nrefs="1-10 1-12"/>
      </w>
      <w n="1-14">
        <text>ἄλλην</text>
        <refs nrefs="1-11"/>
      </w>
      <w n="1-15">
        <text>ὄψιν</text>
        <refs nrefs="1-10 1-12"/>
      </w>
      <w n="1-16">
        <text>,</text>
        <refs nrefs="1-13"/>
      </w>
      <w n="1-17">
        <text>ἐδόκεε</text>
        <refs nrefs="1-14"/>
      </w>
      <w n="1-18">
        <text>δέ</text>
      </w>
      <w n="1-19">
        <text>οἱ</text>
        <refs nrefs="1-15 1-16"/>
      </w>
      <w n="1-20">
        <text>ἐκ</text>
        <refs nrefs="1-20"/>
      </w>
      <w n="1-21">
        <text>τῶν</text>
        <refs nrefs="1-20"/>
      </w>
      <w n="1-22">
        <text>αἰδοίων</text>
        <refs nrefs="1-21 1-22"/>
      </w>
      <w n="1-23">
        <text>τῆς</text>
        <refs nrefs="1-23"/>
      </w>
      <w n="1-24">
        <text>θυγατρὸς</text>
        <refs nrefs="1-24"/>
      </w>
      <w n="1-25">
        <text>ταύτης</text>
      </w>
      <w n="1-26">
        <text>φῦναι</text>
        <refs nrefs="1-17"/>
      </w>
      <w n="1-27">
        <text>ἄμπελον</text>
        <refs nrefs="1-18 1-19"/>
      </w>
      <w n="1-28">
        <text>,</text>
      </w>
      <w n="1-29">
        <text>τὴν</text>
        <refs nrefs="1-27"/>
      </w>
      <w n="1-30">
        <text>δὲ</text>
        <refs nrefs="1-25"/>
      </w>
      <w n="1-31">
        <text>ἄμπελον</text>
        <refs nrefs="1-28"/>
      </w>
      <w n="1-32">
        <text>ἐπισχεῖν</text>
        <refs nrefs="1-29 1-30 1-31"/>
      </w>
      <w n="1-33">
        <text>τὴν</text>
        <refs nrefs="1-33"/>
      </w>
      <w n="1-34">
        <text>Ἀσίην</text>
        <refs nrefs="1-34"/>
      </w>
      <w n="1-35">
        <text>πᾶσαν</text>
        <refs nrefs="1-32"/>
      </w>
      <w n="1-36">
        <text>.</text>
        <refs nrefs="1-35"/>
      </w>
      <w n="2-1">
        <text>ἰδὼν</text>
        <refs nrefs="2-1 2-2"/>
      </w>
      <w n="2-2">
        <text>δὲ</text>
      </w>
      <w n="2-3">
        <text>τοῦτο</text>
        <refs nrefs="2-3"/>
      </w>
      <w n="2-4">
        <text>καὶ</text>
        <refs nrefs="2-6"/>
      </w>
      <w n="2-5">
        <text>ὑπερθέμενος</text>
        <refs nrefs="2-7"/>
      </w>
      <w n="2-6">
        <text>τοῖσι</text>
        <refs nrefs="2-8"/>
      </w>
      <w n="2-7">
        <text>ὀνειροπόλοισι</text>
        <refs nrefs="2-9"/>
      </w>
      <w n="2-8">
        <text>,</text>
        <refs nrefs="2-10"/>
      </w>
      <w n="2-9">
        <text>μετεπέμψατο</text>
        <refs nrefs="2-14 2-15"/>
      </w>
      <w n="2-10">
        <text>ἐκ</text>
        <refs nrefs="2-16"/>
      </w>
      <w n="2-11">
        <text>τῶν</text>
        <refs nrefs="2-16"/>
      </w>
      <w n="2-12">
        <text>Περσέων</text>
        <refs nrefs="2-17"/>
      </w>
      <w n="2-13">
        <text>τὴν</text>
        <refs nrefs="2-18"/>
      </w>
      <w n="2-14">
        <text>θυγατέρα</text>
        <refs nrefs="2-19"/>
      </w>
      <w n="2-15">
        <text>ἐπίτεκα</text>
        <refs nrefs="2-22 2-23 2-24 2-25 2-26"/>
      </w>
      <w n="2-16">
        <text>ἐοῦσαν</text>
        <refs nrefs="2-21"/>
      </w>
      <w n="2-17">
        <text>,</text>
        <refs nrefs="2-27"/>
      </w>
      <w n="2-18">
        <text>ἀπικομένην</text>
        <refs nrefs="2-29 2-30 2-31"/>
      </w>
      <w n="2-19">
        <text>δὲ</text>
        <refs nrefs="2-28"/>
      </w>
      <w n="2-20">
        <text>ἐφύλασσε</text>
        <refs nrefs="2-36 2-37"/>
      </w>
      <w n="2-21">
        <text>βουλόμενος</text>
        <refs nrefs="2-39"/>
      </w>
      <w n="2-22">
        <text>τὸ</text>
        <refs nrefs="2-41 2-42 2-44 2-45 2-46"/>
      </w>
      <w n="2-23">
        <text>γενόμενον</text>
        <refs nrefs="2-41 2-42 2-44 2-45 2-46"/>
      </w>
      <w n="2-24">
        <text>ἐξ</text>
        <refs nrefs="2-43"/>
      </w>
      <w n="2-25">
        <text>αὐτῆς</text>
        <refs nrefs="2-43"/>
      </w>
      <w n="2-26">
        <text>διαφθεῖραι</text>
        <refs nrefs="2-40"/>
      </w>
      <w n="2-27">
        <text>:</text>
        <refs nrefs="2-47"/>
      </w>
      <w n="3-1">
        <text>ἐκ</text>
        <refs nrefs="3-3 3-4"/>
      </w>
      <w n="3-2">
        <text>γάρ</text>
        <refs nrefs="3-1"/>
      </w>
      <w n="3-3">
        <text>οἱ</text>
      </w>
      <w n="3-4">
        <text>τῆς</text>
        <refs nrefs="3-5"/>
      </w>
      <w n="3-5">
        <text>ὄψιος</text>
        <refs nrefs="3-6"/>
      </w>
      <w n="3-6">
        <text>οἱ</text>
        <refs nrefs="3-8"/>
      </w>
      <w n="3-7">
        <text>τῶν</text>
        <refs nrefs="3-10 3-11"/>
      </w>
      <w n="3-8">
        <text>Μάγων</text>
        <refs nrefs="3-12"/>
      </w>
      <w n="3-9">
        <text>ὀνειροπόλοι</text>
        <refs nrefs="3-9"/>
      </w>
      <w n="3-10">
        <text>ἐσήμαινον</text>
        <refs nrefs="3-13"/>
      </w>
      <w n="3-11">
        <text>ὅτι</text>
        <refs nrefs="3-14"/>
      </w>
      <w n="3-12">
        <text>μέλλοι</text>
        <refs nrefs="3-20 3-21"/>
      </w>
      <w n="3-13">
        <text>ὁ</text>
        <refs nrefs="3-15"/>
      </w>
      <w n="3-14">
        <text>τῆς</text>
        <refs nrefs="3-17"/>
      </w>
      <w n="3-15">
        <text>θυγατρὸς</text>
        <refs nrefs="3-19"/>
      </w>
      <w n="3-16">
        <text>αὐτοῦ</text>
        <refs nrefs="3-18"/>
      </w>
      <w n="3-17">
        <text>γόνος</text>
        <refs nrefs="3-16"/>
      </w>
      <w n="3-18">
        <text>βασιλεύσειν</text>
        <refs nrefs="3-22 3-23"/>
      </w>
      <w n="3-19">
        <text>ἀντὶ</text>
        <refs nrefs="3-24 3-25 3-26"/>
      </w>
      <w n="3-20">
        <text>ἐκείνου</text>
        <refs nrefs="3-24 3-25 3-26"/>
      </w>
      <w n="3-21">
        <text>.</text>
      </w>
    </wds>
    <wds lnum="L2">
      <comment class="uri"/>
      <w n="1-1">
        <text>Convivendo</text>
        <refs nrefs="1-1"/>
      </w>
      <w n="1-2">
        <text>Mandane</text>
        <refs nrefs="1-5 1-6"/>
      </w>
      <w n="1-3">
        <text>com</text>
        <refs nrefs="1-3 1-4"/>
      </w>
      <w n="1-4">
        <text>Cambises</text>
        <refs nrefs="1-3 1-4"/>
      </w>
      <w n="1-5">
        <text>,</text>
        <refs nrefs="1-7"/>
      </w>
      <w n="1-6">
        <text>Astíages</text>
        <refs nrefs="1-8 1-9"/>
      </w>
      <w n="1-7">
        <text>no</text>
        <refs nrefs="1-10"/>
      </w>
      <w n="1-8">
        <text>primeiro</text>
        <refs nrefs="1-11"/>
      </w>
      <w n="1-9">
        <text>ano</text>
        <refs nrefs="1-12"/>
      </w>
      <w n="1-10">
        <text>teve</text>
        <refs nrefs="1-13 1-15"/>
      </w>
      <w n="1-11">
        <text>outra</text>
        <refs nrefs="1-14"/>
      </w>
      <w n="1-12">
        <text>visão</text>
        <refs nrefs="1-13 1-15"/>
      </w>
      <w n="1-13">
        <text>,</text>
        <refs nrefs="1-16"/>
      </w>
      <w n="1-14">
        <text>parecia</text>
        <refs nrefs="1-17"/>
      </w>
      <w n="1-15">
        <text>a</text>
        <refs nrefs="1-19"/>
      </w>
      <w n="1-16">
        <text>ele</text>
        <refs nrefs="1-19"/>
      </w>
      <w n="1-17">
        <text>crescer</text>
        <refs nrefs="1-26"/>
      </w>
      <w n="1-18">
        <text>uma</text>
        <refs nrefs="1-27"/>
      </w>
      <w n="1-19">
        <text>vinha</text>
        <refs nrefs="1-27"/>
      </w>
      <w n="1-20">
        <text>das</text>
        <refs nrefs="1-20 1-21"/>
      </w>
      <w n="1-21">
        <text>partes</text>
        <refs nrefs="1-22"/>
      </w>
      <w n="1-22">
        <text>íntimas</text>
        <refs nrefs="1-22"/>
      </w>
      <w n="1-23">
        <text>da</text>
        <refs nrefs="1-23"/>
      </w>
      <w n="1-24">
        <text>filha</text>
        <refs nrefs="1-24"/>
      </w>
      <w n="1-25">
        <text>e</text>
        <refs nrefs="1-30"/>
      </w>
      <w n="1-26">
        <text>que</text>
      </w>
      <w n="1-27">
        <text>a</text>
        <refs nrefs="1-29"/>
      </w>
      <w n="1-28">
        <text>vinha</text>
        <refs nrefs="1-31"/>
      </w>
      <w n="1-29">
        <text>se</text>
        <refs nrefs="1-32"/>
      </w>
      <w n="1-30">
        <text>estendia</text>
        <refs nrefs="1-32"/>
      </w>
      <w n="1-31">
        <text>por</text>
        <refs nrefs="1-32"/>
      </w>
      <w n="1-32">
        <text>toda</text>
        <refs nrefs="1-35"/>
      </w>
      <w n="1-33">
        <text>a</text>
        <refs nrefs="1-33"/>
      </w>
      <w n="1-34">
        <text>Ásia</text>
        <refs nrefs="1-34"/>
      </w>
      <w n="1-35">
        <text>.</text>
        <refs nrefs="1-36"/>
      </w>
      <w n="2-1">
        <text>Tendo</text>
        <refs nrefs="2-1"/>
      </w>
      <w n="2-2">
        <text>visto</text>
        <refs nrefs="2-1"/>
      </w>
      <w n="2-3">
        <text>isso</text>
        <refs nrefs="2-3"/>
      </w>
      <w n="2-4">
        <text>em</text>
      </w>
      <w n="2-5">
        <text>sonho</text>
      </w>
      <w n="2-6">
        <text>e</text>
        <refs nrefs="2-4"/>
      </w>
      <w n="2-7">
        <text>confiado</text>
        <refs nrefs="2-5"/>
      </w>
      <w n="2-8">
        <text>aos</text>
        <refs nrefs="2-6"/>
      </w>
      <w n="2-9">
        <text>onirópolos</text>
        <refs nrefs="2-7"/>
      </w>
      <w n="2-10">
        <text>,</text>
        <refs nrefs="2-8"/>
      </w>
      <w n="2-11">
        <text>[</text>
      </w>
      <w n="2-12">
        <text>Astíages</text>
      </w>
      <w n="2-13">
        <text>]</text>
      </w>
      <w n="2-14">
        <text>mandou</text>
        <refs nrefs="2-9"/>
      </w>
      <w n="2-15">
        <text>buscar</text>
        <refs nrefs="2-9"/>
      </w>
      <w n="2-16">
        <text>dos</text>
        <refs nrefs="2-10 2-11"/>
      </w>
      <w n="2-17">
        <text>persas</text>
        <refs nrefs="2-12"/>
      </w>
      <w n="2-18">
        <text>a</text>
        <refs nrefs="2-13"/>
      </w>
      <w n="2-19">
        <text>filha</text>
        <refs nrefs="2-14"/>
      </w>
      <w n="2-20">
        <text>que</text>
      </w>
      <w n="2-21">
        <text>estava</text>
        <refs nrefs="2-16"/>
      </w>
      <w n="2-22">
        <text>prestes</text>
        <refs nrefs="2-15"/>
      </w>
      <w n="2-23">
        <text>a</text>
        <refs nrefs="2-15"/>
      </w>
      <w n="2-24">
        <text>dar</text>
        <refs nrefs="2-15"/>
      </w>
      <w n="2-25">
        <text>à</text>
        <refs nrefs="2-15"/>
      </w>
      <w n="2-26">
        <text>luz</text>
        <refs nrefs="2-15"/>
      </w>
      <w n="2-27">
        <text>,</text>
        <refs nrefs="2-17"/>
      </w>
      <w n="2-28">
        <text>e</text>
        <refs nrefs="2-19"/>
      </w>
      <w n="2-29">
        <text>quando</text>
        <refs nrefs="2-18"/>
      </w>
      <w n="2-30">
        <text>ela</text>
        <refs nrefs="2-18"/>
      </w>
      <w n="2-31">
        <text>chegou</text>
        <refs nrefs="2-18"/>
      </w>
      <w n="2-32">
        <text>,</text>
      </w>
      <w n="2-33">
        <text>[</text>
      </w>
      <w n="2-34">
        <text>ele</text>
      </w>
      <w n="2-35">
        <text>]</text>
      </w>
      <w n="2-36">
        <text>montou</text>
        <refs nrefs="2-20"/>
      </w>
      <w n="2-37">
        <text>guarda</text>
        <refs nrefs="2-20"/>
      </w>
      <w n="2-38">
        <text>,</text>
      </w>
      <w n="2-39">
        <text>desejando</text>
        <refs nrefs="2-21"/>
      </w>
      <w n="2-40">
        <text>aniquilar</text>
        <refs nrefs="2-26"/>
      </w>
      <w n="2-41">
        <text>aquele</text>
        <refs nrefs="2-22 2-23"/>
      </w>
      <w n="2-42">
        <text>que</text>
        <refs nrefs="2-22 2-23"/>
      </w>
      <w n="2-43">
        <text>dela</text>
        <refs nrefs="2-24 2-25"/>
      </w>
      <w n="2-44">
        <text>viria</text>
        <refs nrefs="2-22 2-23"/>
      </w>
      <w n="2-45">
        <text>a</text>
        <refs nrefs="2-22 2-23"/>
      </w>
      <w n="2-46">
        <text>nascer</text>
        <refs nrefs="2-22 2-23"/>
      </w>
      <w n="2-47">
        <text>;</text>
        <refs nrefs="2-27"/>
      </w>
      <w n="3-1">
        <text>pois</text>
        <refs nrefs="3-2"/>
      </w>
      <w n="3-2">
        <text>,</text>
      </w>
      <w n="3-3">
        <text>a</text>
        <refs nrefs="3-1"/>
      </w>
      <w n="3-4">
        <text>partir</text>
        <refs nrefs="3-1"/>
      </w>
      <w n="3-5">
        <text>da</text>
        <refs nrefs="3-4"/>
      </w>
      <w n="3-6">
        <text>visão</text>
        <refs nrefs="3-5"/>
      </w>
      <w n="3-7">
        <text>,</text>
      </w>
      <w n="3-8">
        <text>os</text>
        <refs nrefs="3-6"/>
      </w>
      <w n="3-9">
        <text>onirópolos</text>
        <refs nrefs="3-9"/>
      </w>
      <w n="3-10">
        <text>dentre</text>
        <refs nrefs="3-7"/>
      </w>
      <w n="3-11">
        <text>os</text>
        <refs nrefs="3-7"/>
      </w>
      <w n="3-12">
        <text>Magos</text>
        <refs nrefs="3-8"/>
      </w>
      <w n="3-13">
        <text>apontavam</text>
        <refs nrefs="3-10"/>
      </w>
      <w n="3-14">
        <text>que</text>
        <refs nrefs="3-11"/>
      </w>
      <w n="3-15">
        <text>o</text>
        <refs nrefs="3-13"/>
      </w>
      <w n="3-16">
        <text>filho</text>
        <refs nrefs="3-17"/>
      </w>
      <w n="3-17">
        <text>de</text>
        <refs nrefs="3-14"/>
      </w>
      <w n="3-18">
        <text>sua</text>
        <refs nrefs="3-16"/>
      </w>
      <w n="3-19">
        <text>filha</text>
        <refs nrefs="3-15"/>
      </w>
      <w n="3-20">
        <text>estava</text>
        <refs nrefs="3-12"/>
      </w>
      <w n="3-21">
        <text>fadado</text>
        <refs nrefs="3-12"/>
      </w>
      <w n="3-22">
        <text>a</text>
        <refs nrefs="3-18"/>
      </w>
      <w n="3-23">
        <text>reinar</text>
        <refs nrefs="3-18"/>
      </w>
      <w n="3-24">
        <text>em</text>
        <refs nrefs="3-19 3-20"/>
      </w>
      <w n="3-25">
        <text>seu</text>
        <refs nrefs="3-19 3-20"/>
      </w>
      <w n="3-26">
        <text>lugar</text>
        <refs nrefs="3-19 3-20"/>
      </w>
      <w n="3-27">
        <text>.</text>
      </w>
    </wds>
  </sentence>
</aligned-text>