<aligned-text xmlns="http://alpheios.net/namespaces/aligned-text">
  <language lnum="L1" xml:lang="grc" dir="ltr"/>
  <language lnum="L2" xml:lang="por" dir="ltr"/>
  <comment class="title">Apollod. 1.7.1a - Prometheus and the gift of fire</comment>
  <sentence id="1" document_id="">
    <wds lnum="L1">
      <comment class="uri"/>
      <w n="1-1">
        <text>Προμηθεὺς</text>
        <refs nrefs="1-11"/>
      </w>
      <w n="1-2">
        <text>δὲ</text>
      </w>
      <w n="1-3">
        <text>ἐξ</text>
        <refs nrefs="1-5"/>
      </w>
      <w n="1-4">
        <text>ὕδατος</text>
        <refs nrefs="1-6"/>
      </w>
      <w n="1-5">
        <text>καὶ</text>
        <refs nrefs="1-7"/>
      </w>
      <w n="1-6">
        <text>γῆς</text>
        <refs nrefs="1-8 1-9"/>
      </w>
      <w n="1-7">
        <text>ἀνθρώπους</text>
        <refs nrefs="1-3 1-4"/>
      </w>
      <w n="1-8">
        <text>πλάσας</text>
        <refs nrefs="1-1 1-2"/>
      </w>
      <w n="1-9">
        <text>ἔδωκεν</text>
        <refs nrefs="1-12"/>
      </w>
      <w n="1-10">
        <text>αὐτοῖς</text>
        <refs nrefs="1-13 1-14"/>
      </w>
      <w n="1-11">
        <text>καὶ</text>
        <refs nrefs="1-15"/>
      </w>
      <w n="1-12">
        <text>πῦρ</text>
        <refs nrefs="1-16 1-17"/>
      </w>
      <w n="1-13">
        <text>,</text>
      </w>
      <w n="1-14">
        <text>λάθρᾳ</text>
        <refs nrefs="1-21"/>
      </w>
      <w n="1-15">
        <text>Διὸς</text>
        <refs nrefs="1-22 1-23"/>
      </w>
      <w n="1-16">
        <text>ἐν</text>
        <refs nrefs="1-24"/>
      </w>
      <w n="1-17">
        <text>νάρθηκι</text>
        <refs nrefs="1-25 1-26"/>
      </w>
      <w n="1-18">
        <text>κρύψας</text>
        <refs nrefs="1-19 1-20"/>
      </w>
    </wds>
    <wds lnum="L2">
      <comment class="uri"/>
      <w n="1-1">
        <text>Tendo</text>
        <refs nrefs="1-8"/>
      </w>
      <w n="1-2">
        <text>formado</text>
        <refs nrefs="1-8"/>
      </w>
      <w n="1-3">
        <text>o</text>
        <refs nrefs="1-7"/>
      </w>
      <w n="1-4">
        <text>homem</text>
        <refs nrefs="1-7"/>
      </w>
      <w n="1-5">
        <text>da</text>
        <refs nrefs="1-3"/>
      </w>
      <w n="1-6">
        <text>água</text>
        <refs nrefs="1-4"/>
      </w>
      <w n="1-7">
        <text>e</text>
        <refs nrefs="1-5"/>
      </w>
      <w n="1-8">
        <text>da</text>
        <refs nrefs="1-6"/>
      </w>
      <w n="1-9">
        <text>terra</text>
        <refs nrefs="1-6"/>
      </w>
      <w n="1-10">
        <text>,</text>
      </w>
      <w n="1-11">
        <text>Prometeu</text>
        <refs nrefs="1-1"/>
      </w>
      <w n="1-12">
        <text>deu</text>
        <refs nrefs="1-9"/>
      </w>
      <w n="1-13">
        <text>a</text>
        <refs nrefs="1-10"/>
      </w>
      <w n="1-14">
        <text>eles</text>
        <refs nrefs="1-10"/>
      </w>
      <w n="1-15">
        <text>também</text>
        <refs nrefs="1-11"/>
      </w>
      <w n="1-16">
        <text>o</text>
        <refs nrefs="1-12"/>
      </w>
      <w n="1-17">
        <text>fogo</text>
        <refs nrefs="1-12"/>
      </w>
      <w n="1-18">
        <text>,</text>
      </w>
      <w n="1-19">
        <text>escondendo</text>
        <refs nrefs="1-18"/>
      </w>
      <w n="1-20">
        <text>depois</text>
        <refs nrefs="1-18"/>
      </w>
      <w n="1-21">
        <text>secretamente</text>
        <refs nrefs="1-14"/>
      </w>
      <w n="1-22">
        <text>de</text>
        <refs nrefs="1-15"/>
      </w>
      <w n="1-23">
        <text>Zeus</text>
        <refs nrefs="1-15"/>
      </w>
      <w n="1-24">
        <text>em</text>
        <refs nrefs="1-16"/>
      </w>
      <w n="1-25">
        <text>uma</text>
        <refs nrefs="1-17"/>
      </w>
      <w n="1-26">
        <text>férula</text>
        <refs nrefs="1-17"/>
      </w>
    </wds>
  </sentence>
</aligned-text>