<aligned-text xmlns="http://alpheios.net/namespaces/aligned-text">
  <language lnum="L1" xml:lang="grc" dir="ltr"/>
  <language lnum="L2" xml:lang="por" dir="ltr"/>
  <comment class="title">Her. 1.111.1-2</comment>
  <sentence id="1" document_id="">
    <wds lnum="L1">
      <comment class="uri"/>
      <w n="1-1">
        <text>ταῦτα</text>
        <refs nrefs="1-4 1-5"/>
      </w>
      <w n="1-2">
        <text>ἀκούσας</text>
        <refs nrefs="1-1 1-2 1-3"/>
      </w>
      <w n="1-3">
        <text>ὁ</text>
        <refs nrefs="1-7"/>
      </w>
      <w n="1-4">
        <text>βουκόλος</text>
        <refs nrefs="1-8"/>
      </w>
      <w n="1-5">
        <text>καὶ</text>
      </w>
      <w n="1-6">
        <text>ἀναλαβὼν</text>
        <refs nrefs="1-9 1-12 1-13"/>
      </w>
      <w n="1-7">
        <text>τὸ</text>
        <refs nrefs="1-10"/>
      </w>
      <w n="1-8">
        <text>παιδίον</text>
        <refs nrefs="1-11"/>
      </w>
      <w n="1-9">
        <text>ἤιε</text>
        <refs nrefs="1-15"/>
      </w>
      <w n="1-10">
        <text>τὴν</text>
        <refs nrefs="1-19"/>
      </w>
      <w n="1-11">
        <text>αὐτὴν</text>
        <refs nrefs="1-19"/>
      </w>
      <w n="1-12">
        <text>ὀπίσω</text>
        <refs nrefs="1-16 1-17"/>
      </w>
      <w n="1-13">
        <text>ὁδὸν</text>
        <refs nrefs="1-20"/>
      </w>
      <w n="1-14">
        <text>καὶ</text>
        <refs nrefs="1-21"/>
      </w>
      <w n="1-15">
        <text>ἀπικνέεται</text>
        <refs nrefs="1-22"/>
      </w>
      <w n="1-16">
        <text>ἐς</text>
        <refs nrefs="1-23"/>
      </w>
      <w n="1-17">
        <text>τὴν</text>
        <refs nrefs="1-24"/>
      </w>
      <w n="1-18">
        <text>ἔπαυλιν</text>
        <refs nrefs="1-25"/>
      </w>
      <w n="1-19">
        <text>.</text>
        <refs nrefs="1-26"/>
      </w>
      <w n="2-1">
        <text>τῷ</text>
        <refs nrefs="2-5"/>
      </w>
      <w n="2-2">
        <text>δ᾽</text>
      </w>
      <w n="2-3">
        <text>ἄρα</text>
      </w>
      <w n="2-4">
        <text>καὶ</text>
      </w>
      <w n="2-5">
        <text>αὐτῷ</text>
        <refs nrefs="2-5"/>
      </w>
      <w n="2-6">
        <text>ἡ</text>
        <refs nrefs="2-3"/>
      </w>
      <w n="2-7">
        <text>γυνή</text>
        <refs nrefs="2-4"/>
      </w>
      <w n="2-8">
        <text>,</text>
      </w>
      <w n="2-9">
        <text>ἐπίτεξ</text>
        <refs nrefs="2-8 2-9 2-10 2-11 2-12"/>
      </w>
      <w n="2-10">
        <text>ἐοῦσα</text>
        <refs nrefs="2-7"/>
      </w>
      <w n="2-11">
        <text>πᾶσαν</text>
        <refs nrefs="2-15"/>
      </w>
      <w n="2-12">
        <text>ἡμέρην</text>
        <refs nrefs="2-13 2-14"/>
      </w>
      <w n="2-13">
        <text>,</text>
        <refs nrefs="2-16"/>
      </w>
      <w n="2-14">
        <text>τότε</text>
      </w>
      <w n="2-15">
        <text>κως</text>
      </w>
      <w n="2-16">
        <text>κατὰ</text>
        <refs nrefs="2-19 2-20 2-21"/>
      </w>
      <w n="2-17">
        <text>δαίμονα</text>
        <refs nrefs="2-19 2-20 2-21"/>
      </w>
      <w n="2-18">
        <text>τίκτει</text>
        <refs nrefs="2-17"/>
      </w>
      <w n="2-19">
        <text>οἰχομένου</text>
        <refs nrefs="2-23 2-26"/>
      </w>
      <w n="2-20">
        <text>τοῦ</text>
        <refs nrefs="2-24"/>
      </w>
      <w n="2-21">
        <text>βουκόλου</text>
        <refs nrefs="2-25"/>
      </w>
      <w n="2-22">
        <text>ἐς</text>
        <refs nrefs="2-27"/>
      </w>
      <w n="2-23">
        <text>πόλιν</text>
        <refs nrefs="2-28 2-29"/>
      </w>
      <w n="2-24">
        <text>.</text>
        <refs nrefs="2-30"/>
      </w>
      <w n="3-1">
        <text>ἦσαν</text>
        <refs nrefs="3-1"/>
      </w>
      <w n="3-2">
        <text>δὲ</text>
      </w>
      <w n="3-3">
        <text>ἐν</text>
        <refs nrefs="3-3"/>
      </w>
      <w n="3-4">
        <text>φροντίδι</text>
        <refs nrefs="3-3"/>
      </w>
      <w n="3-5">
        <text>ἀμφότεροι</text>
        <refs nrefs="3-2"/>
      </w>
      <w n="3-6">
        <text>ἀλλήλων</text>
        <refs nrefs="3-4 3-5 3-6 3-7"/>
      </w>
      <w n="3-7">
        <text>πέρι</text>
        <refs nrefs="3-4 3-5 3-6 3-7"/>
      </w>
      <w n="3-8">
        <text>,</text>
        <refs nrefs="3-8"/>
      </w>
      <w n="3-9">
        <text>ὃ</text>
        <refs nrefs="3-9"/>
      </w>
      <w n="3-10">
        <text>μὲν</text>
      </w>
      <w n="3-11">
        <text>τοῦ</text>
      </w>
      <w n="3-12">
        <text>τόκου</text>
        <refs nrefs="3-12 3-13 3-14"/>
      </w>
      <w n="3-13">
        <text>τῆς</text>
        <refs nrefs="3-15"/>
      </w>
      <w n="3-14">
        <text>γυναικὸς</text>
        <refs nrefs="3-16"/>
      </w>
      <w n="3-15">
        <text>ἀρρωδέων</text>
        <refs nrefs="3-10 3-11"/>
      </w>
      <w n="3-16">
        <text>,</text>
        <refs nrefs="3-17"/>
      </w>
      <w n="3-17">
        <text>ἡ</text>
        <refs nrefs="3-19"/>
      </w>
      <w n="3-18">
        <text>δὲ</text>
        <refs nrefs="3-18"/>
      </w>
      <w n="3-19">
        <text>γυνὴ</text>
      </w>
      <w n="3-20">
        <text>ὅ</text>
        <refs nrefs="3-20 3-21"/>
      </w>
      <w n="3-21">
        <text>τι</text>
        <refs nrefs="3-20 3-21"/>
      </w>
      <w n="3-22">
        <text>οὐκ</text>
        <refs nrefs="3-25"/>
      </w>
      <w n="3-23">
        <text>ἐωθὼς</text>
        <refs nrefs="3-26 3-27"/>
      </w>
      <w n="3-24">
        <text>ὁ</text>
      </w>
      <w n="3-25">
        <text>Ἅρπαγος</text>
        <refs nrefs="3-23"/>
      </w>
      <w n="3-26">
        <text>μεταπέμψαιτο</text>
        <refs nrefs="3-29 3-30 3-31"/>
      </w>
      <w n="3-27">
        <text>αὐτῆς</text>
        <refs nrefs="3-32"/>
      </w>
      <w n="3-28">
        <text>τὸν</text>
        <refs nrefs="3-33"/>
      </w>
      <w n="3-29">
        <text>ἄνδρα</text>
        <refs nrefs="3-33"/>
      </w>
      <w n="3-30">
        <text>.</text>
        <refs nrefs="3-34"/>
      </w>
      <w n="4-1">
        <text>ἐπείτε</text>
        <refs nrefs="4-1"/>
      </w>
      <w n="4-2">
        <text>δὲ</text>
      </w>
      <w n="4-3">
        <text>ἀπονοστήσας</text>
        <refs nrefs="4-3 4-4"/>
      </w>
      <w n="4-4">
        <text>ἐπέστη</text>
      </w>
      <w n="4-5">
        <text>,</text>
      </w>
      <w n="4-6">
        <text>οἷα</text>
        <refs nrefs="4-18"/>
      </w>
      <w n="4-7">
        <text>ἐξ</text>
        <refs nrefs="4-17"/>
      </w>
      <w n="4-8">
        <text>ἀέλπτου</text>
        <refs nrefs="4-19"/>
      </w>
      <w n="4-9">
        <text>ἰδοῦσα</text>
        <refs nrefs="4-8 4-9"/>
      </w>
      <w n="4-10">
        <text>ἡ</text>
        <refs nrefs="4-15"/>
      </w>
      <w n="4-11">
        <text>γυνὴ</text>
        <refs nrefs="4-16"/>
      </w>
      <w n="4-12">
        <text>εἴρετο</text>
        <refs nrefs="4-20"/>
      </w>
      <w n="4-13">
        <text>προτέρη</text>
        <refs nrefs="4-8 4-9"/>
      </w>
      <w n="4-14">
        <text>ὅ</text>
        <refs nrefs="4-21 4-22 4-23"/>
      </w>
      <w n="4-15">
        <text>τι</text>
        <refs nrefs="4-21 4-22 4-23"/>
      </w>
      <w n="4-16">
        <text>μιν</text>
        <refs nrefs="4-25 4-26 4-27"/>
      </w>
      <w n="4-17">
        <text>οὕτω</text>
        <refs nrefs="4-29"/>
      </w>
      <w n="4-18">
        <text>προθύμως</text>
        <refs nrefs="4-30"/>
      </w>
      <w n="4-19">
        <text>Ἅρπαγος</text>
        <refs nrefs="4-24"/>
      </w>
      <w n="4-20">
        <text>μετεπέμψατο</text>
        <refs nrefs="4-28"/>
      </w>
      <w n="4-21">
        <text>.</text>
        <refs nrefs="4-31"/>
      </w>
      <w n="5-1">
        <text>ὁ</text>
        <refs nrefs="5-1"/>
      </w>
      <w n="5-2">
        <text>δὲ</text>
      </w>
      <w n="5-3">
        <text>εἶπε</text>
        <refs nrefs="5-2"/>
      </w>
      <w n="5-4">
        <text>‘ὤ</text>
        <refs nrefs="6-1"/>
      </w>
      <w n="5-5">
        <text>γύναι</text>
        <refs nrefs="6-2"/>
      </w>
      <w n="5-6">
        <text>,</text>
        <refs nrefs="6-3"/>
      </w>
      <w n="5-7">
        <text>εἶδόν</text>
        <refs nrefs="6-9"/>
      </w>
      <w n="5-8">
        <text>τε</text>
      </w>
      <w n="5-9">
        <text>ἐς</text>
        <refs nrefs="6-5"/>
      </w>
      <w n="5-10">
        <text>πόλιν</text>
        <refs nrefs="6-6 6-7"/>
      </w>
      <w n="5-11">
        <text>ἐλθὼν</text>
        <refs nrefs="6-4"/>
      </w>
      <w n="5-12">
        <text>καὶ</text>
        <refs nrefs="6-10"/>
      </w>
      <w n="5-13">
        <text>ἤκουσα</text>
        <refs nrefs="6-11"/>
      </w>
      <w n="5-14">
        <text>τὸ</text>
        <refs nrefs="6-12"/>
      </w>
      <w n="5-15">
        <text>μήτε</text>
        <refs nrefs="6-13 6-14"/>
      </w>
      <w n="5-16">
        <text>ἰδεῖν</text>
        <refs nrefs="6-16 6-17"/>
      </w>
      <w n="5-17">
        <text>ὄφελον</text>
        <refs nrefs="6-15"/>
      </w>
      <w n="5-18">
        <text>μήτε</text>
        <refs nrefs="6-18"/>
      </w>
      <w n="5-19">
        <text>κοτὲ</text>
      </w>
      <w n="5-20">
        <text>γενέσθαι</text>
        <refs nrefs="6-19"/>
      </w>
      <w n="5-21">
        <text>ἐς</text>
        <refs nrefs="6-20"/>
      </w>
      <w n="5-22">
        <text>δεσπότας</text>
        <refs nrefs="6-22"/>
      </w>
      <w n="5-23">
        <text>τοὺς</text>
        <refs nrefs="6-20"/>
      </w>
      <w n="5-24">
        <text>ἡμετέρους</text>
        <refs nrefs="6-21"/>
      </w>
      <w n="5-25">
        <text>.</text>
        <refs nrefs="6-23"/>
      </w>
      <w n="6-1">
        <text>οἶκος</text>
        <refs nrefs="7-3"/>
      </w>
      <w n="6-2">
        <text>μὲν</text>
      </w>
      <w n="6-3">
        <text>πᾶς</text>
        <refs nrefs="7-1"/>
      </w>
      <w n="6-4">
        <text>Ἁρπάγου</text>
        <refs nrefs="7-4 7-5"/>
      </w>
      <w n="6-5">
        <text>κλαυθμῷ</text>
        <refs nrefs="7-8 7-9"/>
      </w>
      <w n="6-6">
        <text>κατείχετο</text>
        <refs nrefs="7-6 7-7"/>
      </w>
      <w n="6-7">
        <text>,</text>
        <refs nrefs="7-10"/>
      </w>
      <w n="6-8">
        <text>ἐγὼ</text>
        <refs nrefs="7-12"/>
      </w>
      <w n="6-9">
        <text>δὲ</text>
        <refs nrefs="7-11"/>
      </w>
      <w n="6-10">
        <text>ἐκπλαγεὶς</text>
        <refs nrefs="7-14"/>
      </w>
      <w n="6-11">
        <text>ἤια</text>
        <refs nrefs="7-16"/>
      </w>
      <w n="6-12">
        <text>ἔσω</text>
        <refs nrefs="7-16"/>
      </w>
      <w n="6-13">
        <text>.</text>
        <refs nrefs="7-17"/>
      </w>
    </wds>
    <wds lnum="L2">
      <comment class="uri"/>
      <w n="1-1">
        <text>Depois</text>
        <refs nrefs="1-2"/>
      </w>
      <w n="1-2">
        <text>de</text>
        <refs nrefs="1-2"/>
      </w>
      <w n="1-3">
        <text>ouvir</text>
        <refs nrefs="1-2"/>
      </w>
      <w n="1-4">
        <text>essas</text>
        <refs nrefs="1-1"/>
      </w>
      <w n="1-5">
        <text>coisas</text>
        <refs nrefs="1-1"/>
      </w>
      <w n="1-6">
        <text>,</text>
      </w>
      <w n="1-7">
        <text>o</text>
        <refs nrefs="1-3"/>
      </w>
      <w n="1-8">
        <text>peão</text>
        <refs nrefs="1-4"/>
      </w>
      <w n="1-9">
        <text>tomou</text>
        <refs nrefs="1-6"/>
      </w>
      <w n="1-10">
        <text>a</text>
        <refs nrefs="1-7"/>
      </w>
      <w n="1-11">
        <text>criança</text>
        <refs nrefs="1-8"/>
      </w>
      <w n="1-12">
        <text>nos</text>
        <refs nrefs="1-6"/>
      </w>
      <w n="1-13">
        <text>braços</text>
        <refs nrefs="1-6"/>
      </w>
      <w n="1-14">
        <text>,</text>
      </w>
      <w n="1-15">
        <text>foi</text>
        <refs nrefs="1-9"/>
      </w>
      <w n="1-16">
        <text>de</text>
        <refs nrefs="1-12"/>
      </w>
      <w n="1-17">
        <text>volta</text>
        <refs nrefs="1-12"/>
      </w>
      <w n="1-18">
        <text>pelo</text>
      </w>
      <w n="1-19">
        <text>mesmo</text>
        <refs nrefs="1-10 1-11"/>
      </w>
      <w n="1-20">
        <text>caminho</text>
        <refs nrefs="1-13"/>
      </w>
      <w n="1-21">
        <text>e</text>
        <refs nrefs="1-14"/>
      </w>
      <w n="1-22">
        <text>retornou</text>
        <refs nrefs="1-15"/>
      </w>
      <w n="1-23">
        <text>para</text>
        <refs nrefs="1-16"/>
      </w>
      <w n="1-24">
        <text>o</text>
        <refs nrefs="1-17"/>
      </w>
      <w n="1-25">
        <text>abrigo</text>
        <refs nrefs="1-18"/>
      </w>
      <w n="1-26">
        <text>.</text>
        <refs nrefs="1-19"/>
      </w>
      <w n="2-1">
        <text>Então</text>
      </w>
      <w n="2-2">
        <text>,</text>
      </w>
      <w n="2-3">
        <text>a</text>
        <refs nrefs="2-6"/>
      </w>
      <w n="2-4">
        <text>mulher</text>
        <refs nrefs="2-7"/>
      </w>
      <w n="2-5">
        <text>dele</text>
        <refs nrefs="2-1 2-5"/>
      </w>
      <w n="2-6">
        <text>,</text>
      </w>
      <w n="2-7">
        <text>estando</text>
        <refs nrefs="2-10"/>
      </w>
      <w n="2-8">
        <text>prestes</text>
        <refs nrefs="2-9"/>
      </w>
      <w n="2-9">
        <text>a</text>
        <refs nrefs="2-9"/>
      </w>
      <w n="2-10">
        <text>dar</text>
        <refs nrefs="2-9"/>
      </w>
      <w n="2-11">
        <text>a</text>
        <refs nrefs="2-9"/>
      </w>
      <w n="2-12">
        <text>luz</text>
        <refs nrefs="2-9"/>
      </w>
      <w n="2-13">
        <text>o</text>
        <refs nrefs="2-12"/>
      </w>
      <w n="2-14">
        <text>dia</text>
        <refs nrefs="2-12"/>
      </w>
      <w n="2-15">
        <text>todo</text>
        <refs nrefs="2-11"/>
      </w>
      <w n="2-16">
        <text>,</text>
        <refs nrefs="2-13"/>
      </w>
      <w n="2-17">
        <text>pariu</text>
        <refs nrefs="2-18"/>
      </w>
      <w n="2-18">
        <text>,</text>
      </w>
      <w n="2-19">
        <text>conforme</text>
        <refs nrefs="2-16 2-17"/>
      </w>
      <w n="2-20">
        <text>o</text>
        <refs nrefs="2-16 2-17"/>
      </w>
      <w n="2-21">
        <text>destino</text>
        <refs nrefs="2-16 2-17"/>
      </w>
      <w n="2-22">
        <text>,</text>
      </w>
      <w n="2-23">
        <text>quando</text>
        <refs nrefs="2-19"/>
      </w>
      <w n="2-24">
        <text>o</text>
        <refs nrefs="2-20"/>
      </w>
      <w n="2-25">
        <text>peão</text>
        <refs nrefs="2-21"/>
      </w>
      <w n="2-26">
        <text>ia</text>
        <refs nrefs="2-19"/>
      </w>
      <w n="2-27">
        <text>para</text>
        <refs nrefs="2-22"/>
      </w>
      <w n="2-28">
        <text>a</text>
        <refs nrefs="2-23"/>
      </w>
      <w n="2-29">
        <text>cidade</text>
        <refs nrefs="2-23"/>
      </w>
      <w n="2-30">
        <text>.</text>
        <refs nrefs="2-24"/>
      </w>
      <w n="3-1">
        <text>Estavam</text>
        <refs nrefs="3-1"/>
      </w>
      <w n="3-2">
        <text>ambos</text>
        <refs nrefs="3-5"/>
      </w>
      <w n="3-3">
        <text>preocupados</text>
        <refs nrefs="3-3 3-4"/>
      </w>
      <w n="3-4">
        <text>um</text>
        <refs nrefs="3-6 3-7"/>
      </w>
      <w n="3-5">
        <text>com</text>
        <refs nrefs="3-6 3-7"/>
      </w>
      <w n="3-6">
        <text>o</text>
        <refs nrefs="3-6 3-7"/>
      </w>
      <w n="3-7">
        <text>outro</text>
        <refs nrefs="3-6 3-7"/>
      </w>
      <w n="3-8">
        <text>,</text>
        <refs nrefs="3-8"/>
      </w>
      <w n="3-9">
        <text>ele</text>
        <refs nrefs="3-9"/>
      </w>
      <w n="3-10">
        <text>receando</text>
        <refs nrefs="3-15"/>
      </w>
      <w n="3-11">
        <text>pela</text>
        <refs nrefs="3-15"/>
      </w>
      <w n="3-12">
        <text>hora</text>
        <refs nrefs="3-12"/>
      </w>
      <w n="3-13">
        <text>do</text>
        <refs nrefs="3-12"/>
      </w>
      <w n="3-14">
        <text>parto</text>
        <refs nrefs="3-12"/>
      </w>
      <w n="3-15">
        <text>da</text>
        <refs nrefs="3-13"/>
      </w>
      <w n="3-16">
        <text>mulher</text>
        <refs nrefs="3-14"/>
      </w>
      <w n="3-17">
        <text>,</text>
        <refs nrefs="3-16"/>
      </w>
      <w n="3-18">
        <text>e</text>
        <refs nrefs="3-18"/>
      </w>
      <w n="3-19">
        <text>ela</text>
        <refs nrefs="3-17"/>
      </w>
      <w n="3-20">
        <text>em</text>
        <refs nrefs="3-20 3-21"/>
      </w>
      <w n="3-21">
        <text>razão</text>
        <refs nrefs="3-20 3-21"/>
      </w>
      <w n="3-22">
        <text>de</text>
      </w>
      <w n="3-23">
        <text>Hárpago</text>
        <refs nrefs="3-25"/>
      </w>
      <w n="3-24">
        <text>,</text>
      </w>
      <w n="3-25">
        <text>contra</text>
        <refs nrefs="3-22"/>
      </w>
      <w n="3-26">
        <text>o</text>
        <refs nrefs="3-23"/>
      </w>
      <w n="3-27">
        <text>costume</text>
        <refs nrefs="3-23"/>
      </w>
      <w n="3-28">
        <text>,</text>
      </w>
      <w n="3-29">
        <text>ter</text>
        <refs nrefs="3-26"/>
      </w>
      <w n="3-30">
        <text>mandado</text>
        <refs nrefs="3-26"/>
      </w>
      <w n="3-31">
        <text>chamar</text>
        <refs nrefs="3-26"/>
      </w>
      <w n="3-32">
        <text>seu</text>
        <refs nrefs="3-27"/>
      </w>
      <w n="3-33">
        <text>marido</text>
        <refs nrefs="3-28 3-29"/>
      </w>
      <w n="3-34">
        <text>.</text>
        <refs nrefs="3-30"/>
      </w>
      <w n="4-1">
        <text>Quando</text>
        <refs nrefs="4-1"/>
      </w>
      <w n="4-2">
        <text>,</text>
      </w>
      <w n="4-3">
        <text>havendo</text>
        <refs nrefs="4-3"/>
      </w>
      <w n="4-4">
        <text>retornado</text>
        <refs nrefs="4-3"/>
      </w>
      <w n="4-5">
        <text>a</text>
      </w>
      <w n="4-6">
        <text>casa</text>
      </w>
      <w n="4-7">
        <text>,</text>
      </w>
      <w n="4-8">
        <text>esteve</text>
        <refs nrefs="4-9 4-13"/>
      </w>
      <w n="4-9">
        <text>diante</text>
        <refs nrefs="4-9 4-13"/>
      </w>
      <w n="4-10">
        <text>[</text>
      </w>
      <w n="4-11">
        <text>da</text>
      </w>
      <w n="4-12">
        <text>mulher</text>
      </w>
      <w n="4-13">
        <text>]</text>
      </w>
      <w n="4-14">
        <text>,</text>
      </w>
      <w n="4-15">
        <text>a</text>
        <refs nrefs="4-10"/>
      </w>
      <w n="4-16">
        <text>mulher</text>
        <refs nrefs="4-11"/>
      </w>
      <w n="4-17">
        <text>de</text>
        <refs nrefs="4-7"/>
      </w>
      <w n="4-18">
        <text>maneira</text>
        <refs nrefs="4-6"/>
      </w>
      <w n="4-19">
        <text>inesperada</text>
        <refs nrefs="4-8"/>
      </w>
      <w n="4-20">
        <text>perguntou</text>
        <refs nrefs="4-12"/>
      </w>
      <w n="4-21">
        <text>a</text>
        <refs nrefs="4-14 4-15"/>
      </w>
      <w n="4-22">
        <text>razão</text>
        <refs nrefs="4-14 4-15"/>
      </w>
      <w n="4-23">
        <text>de</text>
        <refs nrefs="4-14 4-15"/>
      </w>
      <w n="4-24">
        <text>Hárpago</text>
        <refs nrefs="4-19"/>
      </w>
      <w n="4-25">
        <text>tê</text>
        <refs nrefs="4-16"/>
      </w>
      <w n="4-26">
        <text>-</text>
        <refs nrefs="4-16"/>
      </w>
      <w n="4-27">
        <text>lo</text>
        <refs nrefs="4-16"/>
      </w>
      <w n="4-28">
        <text>chamado</text>
        <refs nrefs="4-20"/>
      </w>
      <w n="4-29">
        <text>tão</text>
        <refs nrefs="4-17"/>
      </w>
      <w n="4-30">
        <text>prontamente</text>
        <refs nrefs="4-18"/>
      </w>
      <w n="4-31">
        <text>.</text>
        <refs nrefs="4-21"/>
      </w>
      <w n="5-1">
        <text>Ele</text>
        <refs nrefs="5-1"/>
      </w>
      <w n="5-2">
        <text>disse</text>
        <refs nrefs="5-3"/>
      </w>
      <w n="5-3">
        <text>:</text>
      </w>
      <w n="6-1">
        <text>“Ó</text>
        <refs nrefs="5-4"/>
      </w>
      <w n="6-2">
        <text>esposa</text>
        <refs nrefs="5-5"/>
      </w>
      <w n="6-3">
        <text>,</text>
        <refs nrefs="5-6"/>
      </w>
      <w n="6-4">
        <text>indo</text>
        <refs nrefs="5-11"/>
      </w>
      <w n="6-5">
        <text>para</text>
        <refs nrefs="5-9"/>
      </w>
      <w n="6-6">
        <text>a</text>
        <refs nrefs="5-10"/>
      </w>
      <w n="6-7">
        <text>cidade</text>
        <refs nrefs="5-10"/>
      </w>
      <w n="6-8">
        <text>,</text>
      </w>
      <w n="6-9">
        <text>vi</text>
        <refs nrefs="5-7"/>
      </w>
      <w n="6-10">
        <text>e</text>
        <refs nrefs="5-12"/>
      </w>
      <w n="6-11">
        <text>ouvi</text>
        <refs nrefs="5-13"/>
      </w>
      <w n="6-12">
        <text>o</text>
        <refs nrefs="5-14"/>
      </w>
      <w n="6-13">
        <text>que</text>
        <refs nrefs="5-15"/>
      </w>
      <w n="6-14">
        <text>não</text>
        <refs nrefs="5-15"/>
      </w>
      <w n="6-15">
        <text>desejo</text>
        <refs nrefs="5-17"/>
      </w>
      <w n="6-16">
        <text>ter</text>
        <refs nrefs="5-16"/>
      </w>
      <w n="6-17">
        <text>visto</text>
        <refs nrefs="5-16"/>
      </w>
      <w n="6-18">
        <text>nem</text>
        <refs nrefs="5-18"/>
      </w>
      <w n="6-19">
        <text>acontecido</text>
        <refs nrefs="5-20"/>
      </w>
      <w n="6-20">
        <text>aos</text>
        <refs nrefs="5-21 5-23"/>
      </w>
      <w n="6-21">
        <text>nossos</text>
        <refs nrefs="5-24"/>
      </w>
      <w n="6-22">
        <text>senhores</text>
        <refs nrefs="5-22"/>
      </w>
      <w n="6-23">
        <text>.</text>
        <refs nrefs="5-25"/>
      </w>
      <w n="7-1">
        <text>Toda</text>
        <refs nrefs="6-3"/>
      </w>
      <w n="7-2">
        <text>a</text>
      </w>
      <w n="7-3">
        <text>casa</text>
        <refs nrefs="6-1"/>
      </w>
      <w n="7-4">
        <text>de</text>
        <refs nrefs="6-4"/>
      </w>
      <w n="7-5">
        <text>Hárpago</text>
        <refs nrefs="6-4"/>
      </w>
      <w n="7-6">
        <text>se</text>
        <refs nrefs="6-6"/>
      </w>
      <w n="7-7">
        <text>cobriu</text>
        <refs nrefs="6-6"/>
      </w>
      <w n="7-8">
        <text>de</text>
        <refs nrefs="6-5"/>
      </w>
      <w n="7-9">
        <text>lamentação</text>
        <refs nrefs="6-5"/>
      </w>
      <w n="7-10">
        <text>,</text>
        <refs nrefs="6-7"/>
      </w>
      <w n="7-11">
        <text>e</text>
        <refs nrefs="6-9"/>
      </w>
      <w n="7-12">
        <text>eu</text>
        <refs nrefs="6-8"/>
      </w>
      <w n="7-13">
        <text>,</text>
      </w>
      <w n="7-14">
        <text>espantado</text>
        <refs nrefs="6-10"/>
      </w>
      <w n="7-15">
        <text>,</text>
      </w>
      <w n="7-16">
        <text>adentrei</text>
        <refs nrefs="6-11 6-12"/>
      </w>
      <w n="7-17">
        <text>.</text>
        <refs nrefs="6-13"/>
      </w>
    </wds>
  </sentence>
</aligned-text>